-- phpMyAdmin SQL Dump
-- version 5.2.2
-- https://www.phpmyadmin.net/
--
-- Host: localhost:3306
-- Generation Time: Jan 19, 2026 at 01:09 PM
-- Server version: 8.0.30
-- PHP Version: 8.3.25

SET SQL_MODE = "NO_AUTO_VALUE_ON_ZERO";
START TRANSACTION;
SET time_zone = "+00:00";


/*!40101 SET @OLD_CHARACTER_SET_CLIENT=@@CHARACTER_SET_CLIENT */;
/*!40101 SET @OLD_CHARACTER_SET_RESULTS=@@CHARACTER_SET_RESULTS */;
/*!40101 SET @OLD_COLLATION_CONNECTION=@@COLLATION_CONNECTION */;
/*!40101 SET NAMES utf8mb4 */;

--
-- Database: `db_spp`
--

-- --------------------------------------------------------

--
-- Table structure for table `cache`
--

CREATE TABLE `cache` (
  `key` varchar(255) COLLATE utf8mb4_unicode_ci NOT NULL,
  `value` mediumtext COLLATE utf8mb4_unicode_ci NOT NULL,
  `expiration` int NOT NULL
) ENGINE=InnoDB DEFAULT CHARSET=utf8mb4 COLLATE=utf8mb4_unicode_ci;

-- --------------------------------------------------------

--
-- Table structure for table `cache_locks`
--

CREATE TABLE `cache_locks` (
  `key` varchar(255) COLLATE utf8mb4_unicode_ci NOT NULL,
  `owner` varchar(255) COLLATE utf8mb4_unicode_ci NOT NULL,
  `expiration` int NOT NULL
) ENGINE=InnoDB DEFAULT CHARSET=utf8mb4 COLLATE=utf8mb4_unicode_ci;

-- --------------------------------------------------------

--
-- Table structure for table `failed_jobs`
--

CREATE TABLE `failed_jobs` (
  `id` bigint UNSIGNED NOT NULL,
  `uuid` varchar(255) COLLATE utf8mb4_unicode_ci NOT NULL,
  `connection` text COLLATE utf8mb4_unicode_ci NOT NULL,
  `queue` text COLLATE utf8mb4_unicode_ci NOT NULL,
  `payload` longtext COLLATE utf8mb4_unicode_ci NOT NULL,
  `exception` longtext COLLATE utf8mb4_unicode_ci NOT NULL,
  `failed_at` timestamp NOT NULL DEFAULT CURRENT_TIMESTAMP
) ENGINE=InnoDB DEFAULT CHARSET=utf8mb4 COLLATE=utf8mb4_unicode_ci;

-- --------------------------------------------------------

--
-- Table structure for table `jobs`
--

CREATE TABLE `jobs` (
  `id` bigint UNSIGNED NOT NULL,
  `queue` varchar(255) COLLATE utf8mb4_unicode_ci NOT NULL,
  `payload` longtext COLLATE utf8mb4_unicode_ci NOT NULL,
  `attempts` tinyint UNSIGNED NOT NULL,
  `reserved_at` int UNSIGNED DEFAULT NULL,
  `available_at` int UNSIGNED NOT NULL,
  `created_at` int UNSIGNED NOT NULL
) ENGINE=InnoDB DEFAULT CHARSET=utf8mb4 COLLATE=utf8mb4_unicode_ci;

-- --------------------------------------------------------

--
-- Table structure for table `job_batches`
--

CREATE TABLE `job_batches` (
  `id` varchar(255) COLLATE utf8mb4_unicode_ci NOT NULL,
  `name` varchar(255) COLLATE utf8mb4_unicode_ci NOT NULL,
  `total_jobs` int NOT NULL,
  `pending_jobs` int NOT NULL,
  `failed_jobs` int NOT NULL,
  `failed_job_ids` longtext COLLATE utf8mb4_unicode_ci NOT NULL,
  `options` mediumtext COLLATE utf8mb4_unicode_ci,
  `cancelled_at` int DEFAULT NULL,
  `created_at` int NOT NULL,
  `finished_at` int DEFAULT NULL
) ENGINE=InnoDB DEFAULT CHARSET=utf8mb4 COLLATE=utf8mb4_unicode_ci;

-- --------------------------------------------------------

--
-- Table structure for table `kelas`
--

CREATE TABLE `kelas` (
  `id` bigint UNSIGNED NOT NULL,
  `nama_kelas` varchar(255) COLLATE utf8mb4_unicode_ci NOT NULL,
  `kompetensi_keahlian` varchar(255) COLLATE utf8mb4_unicode_ci NOT NULL,
  `created_at` timestamp NULL DEFAULT NULL,
  `updated_at` timestamp NULL DEFAULT NULL
) ENGINE=InnoDB DEFAULT CHARSET=utf8mb4 COLLATE=utf8mb4_unicode_ci;

--
-- Dumping data for table `kelas`
--

INSERT INTO `kelas` (`id`, `nama_kelas`, `kompetensi_keahlian`, `created_at`, `updated_at`) VALUES
(1, 'X RPL 1', 'Rekayasa Perangkat Lunak', '2026-01-13 21:43:52', '2026-01-13 21:43:52'),
(2, 'X RPL 2', 'Rekayasa Perangkat Lunak', '2026-01-13 21:43:52', '2026-01-13 21:43:52'),
(3, 'X TKJ 1', 'Teknik Komputer dan Jaringan', '2026-01-13 21:43:52', '2026-01-13 21:43:52'),
(4, 'X TKJ 2', 'Teknik Komputer dan Jaringan', '2026-01-13 21:43:52', '2026-01-13 21:43:52'),
(5, 'X MM 1', 'Multimedia', '2026-01-13 21:43:52', '2026-01-13 21:43:52'),
(6, 'XI RPL 1', 'Rekayasa Perangkat Lunak', '2026-01-13 21:43:52', '2026-01-13 21:43:52'),
(7, 'XI RPL 2', 'Rekayasa Perangkat Lunak', '2026-01-13 21:43:52', '2026-01-13 21:43:52'),
(8, 'XI TKJ 1', 'Teknik Komputer dan Jaringan', '2026-01-13 21:43:52', '2026-01-13 21:43:52'),
(9, 'XI TKJ 2', 'Teknik Komputer dan Jaringan', '2026-01-13 21:43:52', '2026-01-13 21:43:52'),
(10, 'XI MM 1', 'Multimedia', '2026-01-13 21:43:52', '2026-01-13 21:43:52'),
(11, 'XII RPL 1', 'Rekayasa Perangkat Lunak', '2026-01-13 21:43:52', '2026-01-13 21:43:52'),
(12, 'XII RPL 2', 'Rekayasa Perangkat Lunak', '2026-01-13 21:43:52', '2026-01-13 21:43:52'),
(13, 'XII TKJ 1', 'Teknik Komputer dan Jaringan', '2026-01-13 21:43:52', '2026-01-13 21:43:52'),
(14, 'XII TKJ 2', 'Teknik Komputer dan Jaringan', '2026-01-13 21:43:52', '2026-01-13 21:43:52'),
(15, 'XII MM 1', 'Multimedia', '2026-01-13 21:43:52', '2026-01-13 21:43:52');

-- --------------------------------------------------------

--
-- Table structure for table `migrations`
--

CREATE TABLE `migrations` (
  `id` int UNSIGNED NOT NULL,
  `migration` varchar(255) COLLATE utf8mb4_unicode_ci NOT NULL,
  `batch` int NOT NULL
) ENGINE=InnoDB DEFAULT CHARSET=utf8mb4 COLLATE=utf8mb4_unicode_ci;

--
-- Dumping data for table `migrations`
--

INSERT INTO `migrations` (`id`, `migration`, `batch`) VALUES
(1, '0001_01_01_000000_create_users_table', 1),
(2, '0001_01_01_000001_create_cache_table', 1),
(3, '0001_01_01_000002_create_jobs_table', 1),
(4, '2025_12_28_145901_create_kelas_table', 1),
(5, '2025_12_28_145956_create_siswa_table', 1),
(6, '2025_12_28_150153_create_spp_table', 1),
(7, '2025_12_28_150219_create_pembayaran_table', 1),
(8, '2026_01_15_015902_add_user_role_to_users_table', 2),
(9, '2026_01_18_000001_add_id_user_to_siswa_table', 3);

-- --------------------------------------------------------

--
-- Table structure for table `password_reset_tokens`
--

CREATE TABLE `password_reset_tokens` (
  `email` varchar(255) COLLATE utf8mb4_unicode_ci NOT NULL,
  `token` varchar(255) COLLATE utf8mb4_unicode_ci NOT NULL,
  `created_at` timestamp NULL DEFAULT NULL
) ENGINE=InnoDB DEFAULT CHARSET=utf8mb4 COLLATE=utf8mb4_unicode_ci;

-- --------------------------------------------------------

--
-- Table structure for table `pembayaran`
--

CREATE TABLE `pembayaran` (
  `id` bigint UNSIGNED NOT NULL,
  `id_siswa` bigint UNSIGNED NOT NULL,
  `id_spp` bigint UNSIGNED NOT NULL,
  `id_petugas` bigint UNSIGNED NOT NULL,
  `bulan_dibayar` varchar(255) COLLATE utf8mb4_unicode_ci NOT NULL,
  `tahun_dibayar` int NOT NULL,
  `tgl_bayar` date NOT NULL,
  `jumlah_bayar` decimal(10,2) NOT NULL,
  `status` enum('Lunas','Belum Lunas') COLLATE utf8mb4_unicode_ci NOT NULL,
  `created_at` timestamp NULL DEFAULT NULL,
  `updated_at` timestamp NULL DEFAULT NULL
) ENGINE=InnoDB DEFAULT CHARSET=utf8mb4 COLLATE=utf8mb4_unicode_ci;

--
-- Dumping data for table `pembayaran`
--

INSERT INTO `pembayaran` (`id`, `id_siswa`, `id_spp`, `id_petugas`, `bulan_dibayar`, `tahun_dibayar`, `tgl_bayar`, `jumlah_bayar`, `status`, `created_at`, `updated_at`) VALUES
(1, 1, 1, 2, 'Januari', 2024, '2024-01-19', 200000.00, 'Lunas', '2026-01-13 21:43:52', '2026-01-13 21:43:52'),
(2, 1, 1, 2, 'Februari', 2024, '2024-02-03', 200000.00, 'Lunas', '2026-01-13 21:43:52', '2026-01-13 21:43:52'),
(3, 1, 1, 2, 'Maret', 2024, '2024-03-13', 200000.00, 'Lunas', '2026-01-13 21:43:52', '2026-01-13 21:43:52'),
(4, 1, 1, 2, 'April', 2024, '2024-04-17', 200000.00, 'Lunas', '2026-01-13 21:43:52', '2026-01-13 21:43:52'),
(5, 1, 1, 2, 'Mei', 2024, '2024-05-20', 200000.00, 'Lunas', '2026-01-13 21:43:52', '2026-01-13 21:43:52'),
(6, 1, 1, 2, 'Juni', 2024, '2024-06-24', 200000.00, 'Lunas', '2026-01-13 21:43:52', '2026-01-13 21:43:52'),
(7, 1, 1, 2, 'Juli', 2024, '2024-07-15', 200000.00, 'Lunas', '2026-01-13 21:43:52', '2026-01-13 21:43:52'),
(8, 1, 1, 2, 'Agustus', 2024, '2024-08-02', 200000.00, 'Lunas', '2026-01-13 21:43:52', '2026-01-13 21:43:52'),
(9, 1, 1, 2, 'September', 2024, '2024-09-03', 200000.00, 'Lunas', '2026-01-13 21:43:52', '2026-01-13 21:43:52'),
(10, 1, 1, 2, 'Oktober', 2024, '2024-10-14', 200000.00, 'Lunas', '2026-01-13 21:43:52', '2026-01-13 21:43:52'),
(11, 2, 1, 2, 'Januari', 2024, '2024-01-16', 200000.00, 'Lunas', '2026-01-13 21:43:52', '2026-01-13 21:43:52'),
(12, 2, 1, 2, 'Februari', 2024, '2024-02-17', 200000.00, 'Lunas', '2026-01-13 21:43:52', '2026-01-13 21:43:52'),
(13, 2, 1, 2, 'Maret', 2024, '2024-03-22', 200000.00, 'Lunas', '2026-01-13 21:43:52', '2026-01-13 21:43:52'),
(14, 2, 1, 2, 'April', 2024, '2024-04-13', 200000.00, 'Lunas', '2026-01-13 21:43:52', '2026-01-13 21:43:52'),
(15, 2, 1, 2, 'Mei', 2024, '2024-05-14', 200000.00, 'Lunas', '2026-01-13 21:43:52', '2026-01-13 21:43:52'),
(16, 2, 1, 2, 'Juni', 2024, '2024-06-23', 200000.00, 'Lunas', '2026-01-13 21:43:52', '2026-01-13 21:43:52'),
(17, 2, 1, 2, 'Juli', 2024, '2024-07-05', 200000.00, 'Lunas', '2026-01-13 21:43:52', '2026-01-13 21:43:52'),
(18, 2, 1, 2, 'Agustus', 2024, '2024-08-23', 200000.00, 'Lunas', '2026-01-13 21:43:52', '2026-01-13 21:43:52'),
(19, 2, 1, 2, 'September', 2024, '2024-09-19', 200000.00, 'Lunas', '2026-01-13 21:43:52', '2026-01-13 21:43:52'),
(20, 2, 1, 2, 'Oktober', 2024, '2024-10-16', 200000.00, 'Lunas', '2026-01-13 21:43:52', '2026-01-13 21:43:52'),
(21, 3, 1, 2, 'Januari', 2024, '2024-01-10', 200000.00, 'Lunas', '2026-01-13 21:43:52', '2026-01-13 21:43:52'),
(22, 3, 1, 2, 'Februari', 2024, '2024-02-18', 200000.00, 'Lunas', '2026-01-13 21:43:52', '2026-01-13 21:43:52'),
(23, 3, 1, 2, 'Maret', 2024, '2024-03-26', 200000.00, 'Lunas', '2026-01-13 21:43:52', '2026-01-13 21:43:52'),
(24, 3, 1, 2, 'April', 2024, '2024-04-03', 200000.00, 'Lunas', '2026-01-13 21:43:52', '2026-01-13 21:43:52'),
(25, 3, 1, 2, 'Mei', 2024, '2024-05-08', 200000.00, 'Lunas', '2026-01-13 21:43:52', '2026-01-13 21:43:52'),
(26, 3, 1, 2, 'Juni', 2024, '2024-06-09', 200000.00, 'Lunas', '2026-01-13 21:43:52', '2026-01-13 21:43:52'),
(27, 3, 1, 2, 'Juli', 2024, '2024-07-27', 200000.00, 'Lunas', '2026-01-13 21:43:52', '2026-01-13 21:43:52'),
(28, 3, 1, 2, 'Agustus', 2024, '2024-08-03', 200000.00, 'Lunas', '2026-01-13 21:43:52', '2026-01-13 21:43:52'),
(29, 3, 1, 2, 'September', 2024, '2024-09-09', 200000.00, 'Lunas', '2026-01-13 21:43:52', '2026-01-13 21:43:52'),
(30, 3, 1, 2, 'Oktober', 2024, '2024-10-22', 200000.00, 'Lunas', '2026-01-13 21:43:52', '2026-01-13 21:43:52'),
(31, 4, 1, 2, 'Januari', 2024, '2024-01-08', 200000.00, 'Lunas', '2026-01-13 21:43:52', '2026-01-13 21:43:52'),
(32, 4, 1, 2, 'Februari', 2024, '2024-02-21', 200000.00, 'Lunas', '2026-01-13 21:43:52', '2026-01-13 21:43:52'),
(33, 4, 1, 2, 'Maret', 2024, '2024-03-28', 200000.00, 'Lunas', '2026-01-13 21:43:52', '2026-01-13 21:43:52'),
(34, 4, 1, 2, 'April', 2024, '2024-04-22', 200000.00, 'Lunas', '2026-01-13 21:43:52', '2026-01-13 21:43:52'),
(35, 4, 1, 2, 'Mei', 2024, '2024-05-17', 200000.00, 'Lunas', '2026-01-13 21:43:52', '2026-01-13 21:43:52'),
(36, 4, 1, 2, 'Juni', 2024, '2024-06-22', 200000.00, 'Lunas', '2026-01-13 21:43:52', '2026-01-13 21:43:52'),
(37, 4, 1, 2, 'Juli', 2024, '2024-07-28', 200000.00, 'Lunas', '2026-01-13 21:43:52', '2026-01-13 21:43:52'),
(38, 4, 1, 2, 'Agustus', 2024, '2024-08-07', 200000.00, 'Lunas', '2026-01-13 21:43:53', '2026-01-13 21:43:53'),
(39, 4, 1, 2, 'September', 2024, '2024-09-15', 200000.00, 'Lunas', '2026-01-13 21:43:53', '2026-01-13 21:43:53'),
(40, 4, 1, 2, 'Oktober', 2024, '2024-10-06', 200000.00, 'Lunas', '2026-01-13 21:43:53', '2026-01-13 21:43:53'),
(41, 5, 1, 2, 'Januari', 2024, '2024-01-03', 200000.00, 'Lunas', '2026-01-13 21:43:53', '2026-01-13 21:43:53'),
(42, 5, 1, 2, 'Februari', 2024, '2024-02-27', 200000.00, 'Lunas', '2026-01-13 21:43:53', '2026-01-13 21:43:53'),
(43, 5, 1, 2, 'Maret', 2024, '2024-03-19', 200000.00, 'Lunas', '2026-01-13 21:43:53', '2026-01-13 21:43:53'),
(44, 5, 1, 2, 'April', 2024, '2024-04-16', 200000.00, 'Lunas', '2026-01-13 21:43:53', '2026-01-13 21:43:53'),
(45, 5, 1, 2, 'Mei', 2024, '2024-05-27', 200000.00, 'Lunas', '2026-01-13 21:43:53', '2026-01-13 21:43:53'),
(46, 5, 1, 2, 'Juni', 2024, '2024-06-21', 200000.00, 'Lunas', '2026-01-13 21:43:53', '2026-01-13 21:43:53'),
(47, 5, 1, 2, 'Juli', 2024, '2024-07-13', 200000.00, 'Lunas', '2026-01-13 21:43:53', '2026-01-13 21:43:53'),
(48, 5, 1, 2, 'Agustus', 2024, '2024-08-12', 200000.00, 'Lunas', '2026-01-13 21:43:53', '2026-01-13 21:43:53'),
(49, 5, 1, 2, 'September', 2024, '2024-09-07', 200000.00, 'Lunas', '2026-01-13 21:43:53', '2026-01-13 21:43:53'),
(50, 5, 1, 2, 'Oktober', 2024, '2024-10-13', 200000.00, 'Lunas', '2026-01-13 21:43:53', '2026-01-13 21:43:53'),
(51, 6, 1, 2, 'Januari', 2024, '2024-01-23', 200000.00, 'Lunas', '2026-01-13 21:43:53', '2026-01-13 21:43:53'),
(52, 6, 1, 2, 'Februari', 2024, '2024-02-13', 200000.00, 'Lunas', '2026-01-13 21:43:53', '2026-01-13 21:43:53'),
(53, 6, 1, 2, 'Maret', 2024, '2024-03-13', 200000.00, 'Lunas', '2026-01-13 21:43:53', '2026-01-13 21:43:53'),
(54, 6, 1, 2, 'April', 2024, '2024-04-04', 200000.00, 'Lunas', '2026-01-13 21:43:53', '2026-01-13 21:43:53'),
(55, 6, 1, 2, 'Mei', 2024, '2024-05-13', 200000.00, 'Lunas', '2026-01-13 21:43:53', '2026-01-13 21:43:53'),
(56, 6, 1, 2, 'Juni', 2024, '2024-06-25', 200000.00, 'Lunas', '2026-01-13 21:43:53', '2026-01-13 21:43:53'),
(57, 6, 1, 2, 'Juli', 2024, '2024-07-07', 200000.00, 'Lunas', '2026-01-13 21:43:53', '2026-01-13 21:43:53'),
(58, 6, 1, 2, 'Agustus', 2024, '2024-08-26', 200000.00, 'Lunas', '2026-01-13 21:43:53', '2026-01-13 21:43:53'),
(59, 6, 1, 2, 'September', 2024, '2024-09-14', 140000.00, 'Belum Lunas', '2026-01-13 21:43:53', '2026-01-13 21:43:53'),
(60, 6, 1, 2, 'Oktober', 2024, '2024-10-17', 140000.00, 'Belum Lunas', '2026-01-13 21:43:53', '2026-01-13 21:43:53'),
(61, 6, 1, 2, 'November', 2024, '2024-11-12', 140000.00, 'Belum Lunas', '2026-01-13 21:43:53', '2026-01-13 21:43:53'),
(62, 6, 1, 2, 'Desember', 2024, '2024-12-15', 140000.00, 'Belum Lunas', '2026-01-13 21:43:53', '2026-01-13 21:43:53'),
(63, 7, 1, 2, 'Januari', 2024, '2024-01-05', 200000.00, 'Lunas', '2026-01-13 21:43:53', '2026-01-13 21:43:53'),
(64, 7, 1, 2, 'Februari', 2024, '2024-02-22', 200000.00, 'Lunas', '2026-01-13 21:43:53', '2026-01-13 21:43:53'),
(65, 7, 1, 2, 'Maret', 2024, '2024-03-21', 200000.00, 'Lunas', '2026-01-13 21:43:53', '2026-01-13 21:43:53'),
(66, 7, 1, 2, 'April', 2024, '2024-04-15', 200000.00, 'Lunas', '2026-01-13 21:43:53', '2026-01-13 21:43:53'),
(67, 7, 1, 2, 'Mei', 2024, '2024-05-20', 200000.00, 'Lunas', '2026-01-13 21:43:53', '2026-01-13 21:43:53'),
(68, 7, 1, 2, 'Juni', 2024, '2024-06-15', 200000.00, 'Lunas', '2026-01-13 21:43:53', '2026-01-13 21:43:53'),
(69, 7, 1, 2, 'Juli', 2024, '2024-07-11', 200000.00, 'Lunas', '2026-01-13 21:43:53', '2026-01-13 21:43:53'),
(70, 7, 1, 2, 'Agustus', 2024, '2024-08-05', 200000.00, 'Lunas', '2026-01-13 21:43:53', '2026-01-13 21:43:53'),
(71, 7, 1, 2, 'September', 2024, '2024-09-26', 140000.00, 'Belum Lunas', '2026-01-13 21:43:53', '2026-01-13 21:43:53'),
(72, 7, 1, 2, 'Oktober', 2024, '2024-10-15', 140000.00, 'Belum Lunas', '2026-01-13 21:43:53', '2026-01-13 21:43:53'),
(73, 7, 1, 2, 'November', 2024, '2024-11-14', 140000.00, 'Belum Lunas', '2026-01-13 21:43:53', '2026-01-13 21:43:53'),
(74, 7, 1, 2, 'Desember', 2024, '2024-12-22', 140000.00, 'Belum Lunas', '2026-01-13 21:43:53', '2026-01-13 21:43:53'),
(75, 8, 1, 2, 'Januari', 2024, '2024-01-11', 200000.00, 'Lunas', '2026-01-13 21:43:53', '2026-01-13 21:43:53'),
(76, 8, 1, 2, 'Februari', 2024, '2024-02-09', 200000.00, 'Lunas', '2026-01-13 21:43:53', '2026-01-13 21:43:53'),
(77, 8, 1, 2, 'Maret', 2024, '2024-03-06', 200000.00, 'Lunas', '2026-01-13 21:43:53', '2026-01-13 21:43:53'),
(78, 8, 1, 2, 'April', 2024, '2024-04-18', 200000.00, 'Lunas', '2026-01-13 21:43:53', '2026-01-13 21:43:53'),
(79, 8, 1, 2, 'Mei', 2024, '2024-05-02', 200000.00, 'Lunas', '2026-01-13 21:43:53', '2026-01-13 21:43:53'),
(80, 8, 1, 2, 'Juni', 2024, '2024-06-04', 200000.00, 'Lunas', '2026-01-13 21:43:53', '2026-01-13 21:43:53'),
(81, 8, 1, 2, 'Juli', 2024, '2024-07-12', 200000.00, 'Lunas', '2026-01-13 21:43:53', '2026-01-13 21:43:53'),
(82, 8, 1, 2, 'Agustus', 2024, '2024-08-20', 200000.00, 'Lunas', '2026-01-13 21:43:53', '2026-01-13 21:43:53'),
(83, 8, 1, 2, 'September', 2024, '2024-09-22', 140000.00, 'Belum Lunas', '2026-01-13 21:43:53', '2026-01-13 21:43:53'),
(84, 8, 1, 2, 'Oktober', 2024, '2024-10-16', 140000.00, 'Belum Lunas', '2026-01-13 21:43:53', '2026-01-13 21:43:53'),
(85, 8, 1, 2, 'November', 2024, '2024-11-28', 140000.00, 'Belum Lunas', '2026-01-13 21:43:53', '2026-01-13 21:43:53'),
(86, 8, 1, 2, 'Desember', 2024, '2024-12-09', 140000.00, 'Belum Lunas', '2026-01-13 21:43:53', '2026-01-13 21:43:53'),
(87, 9, 1, 2, 'Januari', 2024, '2024-01-10', 200000.00, 'Lunas', '2026-01-13 21:43:53', '2026-01-13 21:43:53'),
(88, 9, 1, 2, 'Februari', 2024, '2024-02-15', 200000.00, 'Lunas', '2026-01-13 21:43:53', '2026-01-13 21:43:53'),
(89, 9, 1, 2, 'Maret', 2024, '2024-03-07', 200000.00, 'Lunas', '2026-01-13 21:43:53', '2026-01-13 21:43:53'),
(90, 9, 1, 2, 'April', 2024, '2024-04-23', 200000.00, 'Lunas', '2026-01-13 21:43:53', '2026-01-13 21:43:53'),
(91, 9, 1, 2, 'Mei', 2024, '2024-05-14', 200000.00, 'Lunas', '2026-01-13 21:43:53', '2026-01-13 21:43:53'),
(92, 9, 1, 2, 'Juni', 2024, '2024-06-14', 200000.00, 'Lunas', '2026-01-13 21:43:53', '2026-01-13 21:43:53'),
(93, 9, 1, 2, 'Juli', 2024, '2024-07-24', 200000.00, 'Lunas', '2026-01-13 21:43:53', '2026-01-13 21:43:53'),
(94, 9, 1, 2, 'Agustus', 2024, '2024-08-23', 200000.00, 'Lunas', '2026-01-13 21:43:53', '2026-01-13 21:43:53'),
(95, 9, 1, 2, 'September', 2024, '2024-09-18', 140000.00, 'Belum Lunas', '2026-01-13 21:43:53', '2026-01-13 21:43:53'),
(96, 9, 1, 2, 'Oktober', 2024, '2024-10-02', 140000.00, 'Belum Lunas', '2026-01-13 21:43:53', '2026-01-13 21:43:53'),
(97, 9, 1, 2, 'November', 2024, '2024-11-09', 140000.00, 'Belum Lunas', '2026-01-13 21:43:53', '2026-01-13 21:43:53'),
(98, 9, 1, 2, 'Desember', 2024, '2024-12-26', 140000.00, 'Belum Lunas', '2026-01-13 21:43:53', '2026-01-13 21:43:53'),
(99, 10, 1, 2, 'Januari', 2024, '2024-01-01', 200000.00, 'Lunas', '2026-01-13 21:43:53', '2026-01-13 21:43:53'),
(100, 10, 1, 2, 'Februari', 2024, '2024-02-25', 200000.00, 'Lunas', '2026-01-13 21:43:53', '2026-01-13 21:43:53'),
(101, 10, 1, 2, 'Maret', 2024, '2024-03-02', 200000.00, 'Lunas', '2026-01-13 21:43:53', '2026-01-13 21:43:53'),
(102, 10, 1, 2, 'April', 2024, '2024-04-11', 200000.00, 'Lunas', '2026-01-13 21:43:53', '2026-01-13 21:43:53'),
(103, 10, 1, 2, 'Mei', 2024, '2024-05-22', 200000.00, 'Lunas', '2026-01-13 21:43:53', '2026-01-13 21:43:53'),
(104, 10, 1, 2, 'Juni', 2024, '2024-06-18', 200000.00, 'Lunas', '2026-01-13 21:43:53', '2026-01-13 21:43:53'),
(105, 10, 1, 2, 'Juli', 2024, '2024-07-19', 200000.00, 'Lunas', '2026-01-13 21:43:53', '2026-01-13 21:43:53'),
(106, 10, 1, 2, 'Agustus', 2024, '2024-08-09', 200000.00, 'Lunas', '2026-01-13 21:43:53', '2026-01-13 21:43:53'),
(107, 10, 1, 2, 'September', 2024, '2024-09-19', 140000.00, 'Belum Lunas', '2026-01-13 21:43:53', '2026-01-13 21:43:53'),
(108, 10, 1, 2, 'Oktober', 2024, '2024-10-02', 140000.00, 'Belum Lunas', '2026-01-13 21:43:53', '2026-01-13 21:43:53'),
(109, 10, 1, 2, 'November', 2024, '2024-11-15', 140000.00, 'Belum Lunas', '2026-01-13 21:43:53', '2026-01-13 21:43:53'),
(110, 10, 1, 2, 'Desember', 2024, '2024-12-06', 140000.00, 'Belum Lunas', '2026-01-13 21:43:53', '2026-01-13 21:43:53'),
(111, 11, 1, 2, 'Januari', 2024, '2024-01-08', 200000.00, 'Lunas', '2026-01-13 21:43:53', '2026-01-13 21:43:53'),
(112, 11, 1, 2, 'Februari', 2024, '2024-02-20', 200000.00, 'Lunas', '2026-01-13 21:43:53', '2026-01-13 21:43:53'),
(113, 11, 1, 2, 'Maret', 2024, '2024-03-15', 200000.00, 'Lunas', '2026-01-13 21:43:53', '2026-01-13 21:43:53'),
(114, 11, 1, 2, 'April', 2024, '2024-04-03', 200000.00, 'Lunas', '2026-01-13 21:43:53', '2026-01-13 21:43:53'),
(115, 11, 1, 2, 'Mei', 2024, '2024-05-11', 200000.00, 'Lunas', '2026-01-13 21:43:53', '2026-01-13 21:43:53'),
(116, 11, 1, 2, 'Juni', 2024, '2024-06-07', 200000.00, 'Lunas', '2026-01-13 21:43:53', '2026-01-13 21:43:53'),
(117, 11, 1, 2, 'Juli', 2024, '2024-07-09', 200000.00, 'Lunas', '2026-01-13 21:43:53', '2026-01-13 21:43:53'),
(118, 11, 1, 2, 'Agustus', 2024, '2024-08-15', 200000.00, 'Lunas', '2026-01-13 21:43:53', '2026-01-13 21:43:53'),
(119, 11, 1, 2, 'September', 2024, '2024-09-12', 200000.00, 'Lunas', '2026-01-13 21:43:53', '2026-01-13 21:43:53'),
(120, 11, 1, 2, 'Oktober', 2024, '2024-10-12', 200000.00, 'Lunas', '2026-01-13 21:43:53', '2026-01-13 21:43:53'),
(121, 11, 1, 2, 'November', 2024, '2024-11-18', 200000.00, 'Lunas', '2026-01-13 21:43:53', '2026-01-13 21:43:53'),
(122, 11, 1, 2, 'Desember', 2024, '2024-12-20', 200000.00, 'Lunas', '2026-01-13 21:43:53', '2026-01-13 21:43:53'),
(123, 12, 1, 2, 'Januari', 2024, '2024-01-25', 200000.00, 'Lunas', '2026-01-13 21:43:53', '2026-01-13 21:43:53'),
(124, 12, 1, 2, 'Februari', 2024, '2024-02-09', 200000.00, 'Lunas', '2026-01-13 21:43:53', '2026-01-13 21:43:53'),
(125, 12, 1, 2, 'Maret', 2024, '2024-03-17', 200000.00, 'Lunas', '2026-01-13 21:43:53', '2026-01-13 21:43:53'),
(126, 12, 1, 2, 'April', 2024, '2024-04-10', 200000.00, 'Lunas', '2026-01-13 21:43:53', '2026-01-13 21:43:53'),
(127, 12, 1, 2, 'Mei', 2024, '2024-05-18', 200000.00, 'Lunas', '2026-01-13 21:43:53', '2026-01-13 21:43:53'),
(128, 12, 1, 2, 'Juni', 2024, '2024-06-18', 200000.00, 'Lunas', '2026-01-13 21:43:53', '2026-01-13 21:43:53'),
(129, 12, 1, 2, 'Juli', 2024, '2024-07-08', 200000.00, 'Lunas', '2026-01-13 21:43:53', '2026-01-13 21:43:53'),
(130, 12, 1, 2, 'Agustus', 2024, '2024-08-24', 200000.00, 'Lunas', '2026-01-13 21:43:53', '2026-01-13 21:43:53'),
(131, 12, 1, 2, 'September', 2024, '2024-09-09', 200000.00, 'Lunas', '2026-01-13 21:43:53', '2026-01-13 21:43:53'),
(132, 12, 1, 2, 'Oktober', 2024, '2024-10-16', 200000.00, 'Lunas', '2026-01-13 21:43:53', '2026-01-13 21:43:53'),
(133, 12, 1, 2, 'November', 2024, '2024-11-19', 200000.00, 'Lunas', '2026-01-13 21:43:53', '2026-01-13 21:43:53'),
(134, 12, 1, 2, 'Desember', 2024, '2024-12-27', 200000.00, 'Lunas', '2026-01-13 21:43:53', '2026-01-13 21:43:53'),
(135, 13, 1, 2, 'Januari', 2024, '2024-01-13', 200000.00, 'Lunas', '2026-01-13 21:43:53', '2026-01-13 21:43:53'),
(136, 13, 1, 2, 'Februari', 2024, '2024-02-05', 200000.00, 'Lunas', '2026-01-13 21:43:53', '2026-01-13 21:43:53'),
(137, 13, 1, 2, 'Maret', 2024, '2024-03-26', 200000.00, 'Lunas', '2026-01-13 21:43:53', '2026-01-13 21:43:53'),
(138, 13, 1, 2, 'April', 2024, '2024-04-13', 200000.00, 'Lunas', '2026-01-13 21:43:53', '2026-01-13 21:43:53'),
(139, 13, 1, 2, 'Mei', 2024, '2024-05-21', 200000.00, 'Lunas', '2026-01-13 21:43:53', '2026-01-13 21:43:53'),
(140, 13, 1, 2, 'Juni', 2024, '2024-06-18', 200000.00, 'Lunas', '2026-01-13 21:43:53', '2026-01-13 21:43:53'),
(141, 13, 1, 2, 'Juli', 2024, '2024-07-24', 200000.00, 'Lunas', '2026-01-13 21:43:53', '2026-01-13 21:43:53'),
(142, 13, 1, 2, 'Agustus', 2024, '2024-08-08', 200000.00, 'Lunas', '2026-01-13 21:43:53', '2026-01-13 21:43:53'),
(143, 13, 1, 2, 'September', 2024, '2024-09-12', 200000.00, 'Lunas', '2026-01-13 21:43:53', '2026-01-13 21:43:53'),
(144, 13, 1, 2, 'Oktober', 2024, '2024-10-04', 200000.00, 'Lunas', '2026-01-13 21:43:53', '2026-01-13 21:43:53'),
(145, 13, 1, 2, 'November', 2024, '2024-11-03', 200000.00, 'Lunas', '2026-01-13 21:43:53', '2026-01-13 21:43:53'),
(146, 13, 1, 2, 'Desember', 2024, '2024-12-17', 200000.00, 'Lunas', '2026-01-13 21:43:53', '2026-01-13 21:43:53'),
(147, 14, 1, 2, 'Januari', 2024, '2024-01-16', 200000.00, 'Lunas', '2026-01-13 21:43:53', '2026-01-13 21:43:53'),
(148, 14, 1, 2, 'Februari', 2024, '2024-02-16', 200000.00, 'Lunas', '2026-01-13 21:43:53', '2026-01-13 21:43:53'),
(149, 14, 1, 2, 'Maret', 2024, '2024-03-28', 200000.00, 'Lunas', '2026-01-13 21:43:53', '2026-01-13 21:43:53'),
(150, 14, 1, 2, 'April', 2024, '2024-04-06', 200000.00, 'Lunas', '2026-01-13 21:43:53', '2026-01-13 21:43:53'),
(151, 14, 1, 2, 'Mei', 2024, '2024-05-07', 200000.00, 'Lunas', '2026-01-13 21:43:53', '2026-01-13 21:43:53'),
(152, 14, 1, 2, 'Juni', 2024, '2024-06-27', 200000.00, 'Lunas', '2026-01-13 21:43:53', '2026-01-13 21:43:53'),
(153, 14, 1, 2, 'Juli', 2024, '2024-07-18', 200000.00, 'Lunas', '2026-01-13 21:43:53', '2026-01-13 21:43:53'),
(154, 14, 1, 2, 'Agustus', 2024, '2024-08-16', 200000.00, 'Lunas', '2026-01-13 21:43:53', '2026-01-13 21:43:53'),
(155, 14, 1, 2, 'September', 2024, '2024-09-18', 200000.00, 'Lunas', '2026-01-13 21:43:53', '2026-01-13 21:43:53'),
(156, 14, 1, 2, 'Oktober', 2024, '2024-10-03', 200000.00, 'Lunas', '2026-01-13 21:43:53', '2026-01-13 21:43:53'),
(157, 14, 1, 2, 'November', 2024, '2024-11-27', 200000.00, 'Lunas', '2026-01-13 21:43:53', '2026-01-13 21:43:53'),
(158, 14, 1, 2, 'Desember', 2024, '2024-12-08', 200000.00, 'Lunas', '2026-01-13 21:43:53', '2026-01-13 21:43:53'),
(159, 15, 1, 2, 'Januari', 2024, '2024-01-04', 200000.00, 'Lunas', '2026-01-13 21:43:53', '2026-01-13 21:43:53'),
(160, 15, 1, 2, 'Februari', 2024, '2024-02-22', 200000.00, 'Lunas', '2026-01-13 21:43:53', '2026-01-13 21:43:53'),
(161, 15, 1, 2, 'Maret', 2024, '2024-03-26', 200000.00, 'Lunas', '2026-01-13 21:43:53', '2026-01-13 21:43:53'),
(162, 15, 1, 2, 'April', 2024, '2024-04-24', 200000.00, 'Lunas', '2026-01-13 21:43:53', '2026-01-13 21:43:53'),
(163, 15, 1, 2, 'Mei', 2024, '2024-05-11', 200000.00, 'Lunas', '2026-01-13 21:43:53', '2026-01-13 21:43:53'),
(164, 15, 1, 2, 'Juni', 2024, '2024-06-24', 200000.00, 'Lunas', '2026-01-13 21:43:53', '2026-01-13 21:43:53'),
(165, 15, 1, 2, 'Juli', 2024, '2024-07-11', 200000.00, 'Lunas', '2026-01-13 21:43:53', '2026-01-13 21:43:53'),
(166, 15, 1, 2, 'Agustus', 2024, '2024-08-13', 200000.00, 'Lunas', '2026-01-13 21:43:53', '2026-01-13 21:43:53'),
(167, 15, 1, 2, 'September', 2024, '2024-09-10', 200000.00, 'Lunas', '2026-01-13 21:43:53', '2026-01-13 21:43:53'),
(168, 15, 1, 2, 'Oktober', 2024, '2024-10-07', 200000.00, 'Lunas', '2026-01-13 21:43:53', '2026-01-13 21:43:53'),
(169, 15, 1, 2, 'November', 2024, '2024-11-12', 200000.00, 'Lunas', '2026-01-13 21:43:53', '2026-01-13 21:43:53'),
(170, 15, 1, 2, 'Desember', 2024, '2024-12-28', 200000.00, 'Lunas', '2026-01-13 21:43:53', '2026-01-13 21:43:53'),
(171, 16, 1, 2, 'Januari', 2024, '2024-01-16', 200000.00, 'Lunas', '2026-01-13 21:43:53', '2026-01-13 21:43:53'),
(172, 16, 1, 2, 'Februari', 2024, '2024-02-14', 200000.00, 'Lunas', '2026-01-13 21:43:53', '2026-01-13 21:43:53'),
(173, 16, 1, 2, 'Maret', 2024, '2024-03-27', 200000.00, 'Lunas', '2026-01-13 21:43:53', '2026-01-13 21:43:53'),
(174, 16, 1, 2, 'April', 2024, '2024-04-04', 200000.00, 'Lunas', '2026-01-13 21:43:53', '2026-01-13 21:43:53'),
(175, 16, 1, 2, 'Mei', 2024, '2024-05-22', 200000.00, 'Lunas', '2026-01-13 21:43:53', '2026-01-13 21:43:53'),
(176, 16, 1, 2, 'Juni', 2024, '2024-06-09', 200000.00, 'Lunas', '2026-01-13 21:43:53', '2026-01-13 21:43:53'),
(177, 16, 1, 2, 'Juli', 2024, '2024-07-18', 200000.00, 'Lunas', '2026-01-13 21:43:53', '2026-01-13 21:43:53'),
(178, 16, 1, 2, 'Agustus', 2024, '2024-08-17', 200000.00, 'Lunas', '2026-01-13 21:43:53', '2026-01-13 21:43:53'),
(179, 16, 1, 2, 'September', 2024, '2024-09-21', 200000.00, 'Lunas', '2026-01-13 21:43:53', '2026-01-13 21:43:53'),
(180, 16, 1, 2, 'Oktober', 2024, '2024-10-17', 200000.00, 'Lunas', '2026-01-13 21:43:53', '2026-01-13 21:43:53'),
(181, 16, 1, 2, 'November', 2024, '2024-11-11', 200000.00, 'Lunas', '2026-01-13 21:43:53', '2026-01-13 21:43:53'),
(182, 16, 1, 2, 'Desember', 2024, '2024-12-21', 200000.00, 'Lunas', '2026-01-13 21:43:53', '2026-01-13 21:43:53'),
(183, 17, 1, 2, 'Januari', 2024, '2024-01-17', 200000.00, 'Lunas', '2026-01-13 21:43:53', '2026-01-13 21:43:53'),
(184, 17, 1, 2, 'Februari', 2024, '2024-02-12', 200000.00, 'Lunas', '2026-01-13 21:43:53', '2026-01-13 21:43:53'),
(185, 17, 1, 2, 'Maret', 2024, '2024-03-07', 200000.00, 'Lunas', '2026-01-13 21:43:53', '2026-01-13 21:43:53'),
(186, 17, 1, 2, 'April', 2024, '2024-04-21', 200000.00, 'Lunas', '2026-01-13 21:43:53', '2026-01-13 21:43:53'),
(187, 17, 1, 2, 'Mei', 2024, '2024-05-07', 200000.00, 'Lunas', '2026-01-13 21:43:53', '2026-01-13 21:43:53'),
(188, 17, 1, 2, 'Juni', 2024, '2024-06-27', 200000.00, 'Lunas', '2026-01-13 21:43:53', '2026-01-13 21:43:53'),
(189, 17, 1, 2, 'Juli', 2024, '2024-07-20', 200000.00, 'Lunas', '2026-01-13 21:43:53', '2026-01-13 21:43:53'),
(190, 17, 1, 2, 'Agustus', 2024, '2024-08-12', 200000.00, 'Lunas', '2026-01-13 21:43:53', '2026-01-13 21:43:53'),
(191, 17, 1, 2, 'September', 2024, '2024-09-12', 200000.00, 'Lunas', '2026-01-13 21:43:53', '2026-01-13 21:43:53'),
(192, 17, 1, 2, 'Oktober', 2024, '2024-10-10', 200000.00, 'Lunas', '2026-01-13 21:43:53', '2026-01-13 21:43:53'),
(193, 17, 1, 2, 'November', 2024, '2024-11-27', 200000.00, 'Lunas', '2026-01-13 21:43:53', '2026-01-13 21:43:53'),
(194, 17, 1, 2, 'Desember', 2024, '2024-12-26', 200000.00, 'Lunas', '2026-01-13 21:43:53', '2026-01-13 21:43:53'),
(195, 18, 1, 2, 'Januari', 2024, '2024-01-23', 200000.00, 'Lunas', '2026-01-13 21:43:53', '2026-01-13 21:43:53'),
(196, 18, 1, 2, 'Februari', 2024, '2024-02-25', 200000.00, 'Lunas', '2026-01-13 21:43:53', '2026-01-13 21:43:53'),
(197, 18, 1, 2, 'Maret', 2024, '2024-03-28', 200000.00, 'Lunas', '2026-01-13 21:43:53', '2026-01-13 21:43:53'),
(198, 18, 1, 2, 'April', 2024, '2024-04-05', 200000.00, 'Lunas', '2026-01-13 21:43:53', '2026-01-13 21:43:53'),
(199, 18, 1, 2, 'Mei', 2024, '2024-05-07', 200000.00, 'Lunas', '2026-01-13 21:43:53', '2026-01-13 21:43:53'),
(200, 18, 1, 2, 'Juni', 2024, '2024-06-13', 200000.00, 'Lunas', '2026-01-13 21:43:53', '2026-01-13 21:43:53'),
(201, 18, 1, 2, 'Juli', 2024, '2024-07-14', 200000.00, 'Lunas', '2026-01-13 21:43:53', '2026-01-13 21:43:53'),
(202, 18, 1, 2, 'Agustus', 2024, '2024-08-12', 200000.00, 'Lunas', '2026-01-13 21:43:53', '2026-01-13 21:43:53'),
(203, 18, 1, 2, 'September', 2024, '2024-09-25', 200000.00, 'Lunas', '2026-01-13 21:43:53', '2026-01-13 21:43:53'),
(204, 18, 1, 2, 'Oktober', 2024, '2024-10-21', 200000.00, 'Lunas', '2026-01-13 21:43:53', '2026-01-13 21:43:53'),
(205, 18, 1, 2, 'November', 2024, '2024-11-08', 200000.00, 'Lunas', '2026-01-13 21:43:53', '2026-01-13 21:43:53'),
(206, 18, 1, 2, 'Desember', 2024, '2024-12-10', 200000.00, 'Lunas', '2026-01-13 21:43:53', '2026-01-13 21:43:53'),
(207, 19, 1, 2, 'Januari', 2024, '2024-01-26', 200000.00, 'Lunas', '2026-01-13 21:43:53', '2026-01-13 21:43:53'),
(208, 19, 1, 2, 'Februari', 2024, '2024-02-02', 200000.00, 'Lunas', '2026-01-13 21:43:53', '2026-01-13 21:43:53'),
(209, 19, 1, 2, 'Maret', 2024, '2024-03-14', 200000.00, 'Lunas', '2026-01-13 21:43:53', '2026-01-13 21:43:53'),
(210, 19, 1, 2, 'April', 2024, '2024-04-25', 200000.00, 'Lunas', '2026-01-13 21:43:53', '2026-01-13 21:43:53'),
(211, 19, 1, 2, 'Mei', 2024, '2024-05-11', 200000.00, 'Lunas', '2026-01-13 21:43:53', '2026-01-13 21:43:53'),
(212, 19, 1, 2, 'Juni', 2024, '2024-06-24', 200000.00, 'Lunas', '2026-01-13 21:43:53', '2026-01-13 21:43:53'),
(213, 19, 1, 2, 'Juli', 2024, '2024-07-15', 200000.00, 'Lunas', '2026-01-13 21:43:53', '2026-01-13 21:43:53'),
(214, 19, 1, 2, 'Agustus', 2024, '2024-08-01', 200000.00, 'Lunas', '2026-01-13 21:43:53', '2026-01-13 21:43:53'),
(215, 19, 1, 2, 'September', 2024, '2024-09-17', 200000.00, 'Lunas', '2026-01-13 21:43:53', '2026-01-13 21:43:53'),
(216, 19, 1, 2, 'Oktober', 2024, '2024-10-04', 200000.00, 'Lunas', '2026-01-13 21:43:53', '2026-01-13 21:43:53'),
(217, 19, 1, 2, 'November', 2024, '2024-11-19', 200000.00, 'Lunas', '2026-01-13 21:43:53', '2026-01-13 21:43:53'),
(218, 19, 1, 2, 'Desember', 2024, '2024-12-07', 200000.00, 'Lunas', '2026-01-13 21:43:53', '2026-01-13 21:43:53'),
(219, 20, 1, 2, 'Januari', 2024, '2024-01-07', 200000.00, 'Lunas', '2026-01-13 21:43:53', '2026-01-13 21:43:53'),
(220, 20, 1, 2, 'Februari', 2024, '2024-02-01', 200000.00, 'Lunas', '2026-01-13 21:43:53', '2026-01-13 21:43:53'),
(221, 20, 1, 2, 'Maret', 2024, '2024-03-14', 200000.00, 'Lunas', '2026-01-13 21:43:53', '2026-01-13 21:43:53'),
(222, 20, 1, 2, 'April', 2024, '2024-04-05', 200000.00, 'Lunas', '2026-01-13 21:43:53', '2026-01-13 21:43:53'),
(223, 20, 1, 2, 'Mei', 2024, '2024-05-27', 200000.00, 'Lunas', '2026-01-13 21:43:53', '2026-01-13 21:43:53'),
(224, 20, 1, 2, 'Juni', 2024, '2024-06-16', 200000.00, 'Lunas', '2026-01-13 21:43:53', '2026-01-13 21:43:53'),
(225, 20, 1, 2, 'Juli', 2024, '2024-07-11', 200000.00, 'Lunas', '2026-01-13 21:43:53', '2026-01-13 21:43:53'),
(226, 20, 1, 2, 'Agustus', 2024, '2024-08-25', 200000.00, 'Lunas', '2026-01-13 21:43:53', '2026-01-13 21:43:53'),
(227, 20, 1, 2, 'September', 2024, '2024-09-20', 200000.00, 'Lunas', '2026-01-13 21:43:53', '2026-01-13 21:43:53'),
(228, 20, 1, 2, 'Oktober', 2024, '2024-10-07', 200000.00, 'Lunas', '2026-01-13 21:43:53', '2026-01-13 21:43:53'),
(229, 20, 1, 2, 'November', 2024, '2024-11-22', 200000.00, 'Lunas', '2026-01-13 21:43:53', '2026-01-13 21:43:53'),
(230, 20, 1, 2, 'Desember', 2024, '2024-12-05', 200000.00, 'Lunas', '2026-01-13 21:43:53', '2026-01-13 21:43:53'),
(231, 21, 1, 2, 'Januari', 2024, '2024-01-28', 200000.00, 'Lunas', '2026-01-13 21:43:53', '2026-01-13 21:43:53'),
(232, 21, 1, 2, 'Februari', 2024, '2024-02-17', 200000.00, 'Lunas', '2026-01-13 21:43:53', '2026-01-13 21:43:53'),
(233, 21, 1, 2, 'Maret', 2024, '2024-03-11', 200000.00, 'Lunas', '2026-01-13 21:43:53', '2026-01-13 21:43:53'),
(234, 21, 1, 2, 'April', 2024, '2024-04-15', 200000.00, 'Lunas', '2026-01-13 21:43:53', '2026-01-13 21:43:53'),
(235, 21, 1, 2, 'Mei', 2024, '2024-05-12', 200000.00, 'Lunas', '2026-01-13 21:43:53', '2026-01-13 21:43:53'),
(236, 21, 1, 2, 'Juni', 2024, '2024-06-13', 200000.00, 'Lunas', '2026-01-13 21:43:53', '2026-01-13 21:43:53'),
(237, 21, 1, 2, 'Juli', 2024, '2024-07-01', 200000.00, 'Lunas', '2026-01-13 21:43:53', '2026-01-13 21:43:53'),
(238, 21, 1, 2, 'Agustus', 2024, '2024-08-28', 200000.00, 'Lunas', '2026-01-13 21:43:53', '2026-01-13 21:43:53'),
(239, 21, 1, 2, 'September', 2024, '2024-09-10', 200000.00, 'Lunas', '2026-01-13 21:43:53', '2026-01-13 21:43:53'),
(240, 21, 1, 2, 'Oktober', 2024, '2024-10-15', 200000.00, 'Lunas', '2026-01-13 21:43:53', '2026-01-13 21:43:53'),
(241, 21, 1, 2, 'November', 2024, '2024-11-12', 200000.00, 'Lunas', '2026-01-13 21:43:53', '2026-01-13 21:43:53'),
(242, 21, 1, 2, 'Desember', 2024, '2024-12-16', 200000.00, 'Lunas', '2026-01-13 21:43:53', '2026-01-13 21:43:53'),
(243, 22, 1, 2, 'Januari', 2024, '2024-01-22', 200000.00, 'Lunas', '2026-01-13 21:43:53', '2026-01-13 21:43:53'),
(244, 22, 1, 2, 'Februari', 2024, '2024-02-23', 200000.00, 'Lunas', '2026-01-13 21:43:53', '2026-01-13 21:43:53'),
(245, 22, 1, 2, 'Maret', 2024, '2024-03-21', 200000.00, 'Lunas', '2026-01-13 21:43:53', '2026-01-13 21:43:53'),
(246, 22, 1, 2, 'April', 2024, '2024-04-13', 200000.00, 'Lunas', '2026-01-13 21:43:53', '2026-01-13 21:43:53'),
(247, 22, 1, 2, 'Mei', 2024, '2024-05-07', 200000.00, 'Lunas', '2026-01-13 21:43:53', '2026-01-13 21:43:53'),
(248, 22, 1, 2, 'Juni', 2024, '2024-06-17', 200000.00, 'Lunas', '2026-01-13 21:43:53', '2026-01-13 21:43:53'),
(249, 22, 1, 2, 'Juli', 2024, '2024-07-12', 200000.00, 'Lunas', '2026-01-13 21:43:53', '2026-01-13 21:43:53'),
(250, 22, 1, 2, 'Agustus', 2024, '2024-08-01', 200000.00, 'Lunas', '2026-01-13 21:43:53', '2026-01-13 21:43:53'),
(251, 22, 1, 2, 'September', 2024, '2024-09-13', 200000.00, 'Lunas', '2026-01-13 21:43:53', '2026-01-13 21:43:53'),
(252, 22, 1, 2, 'Oktober', 2024, '2024-10-11', 200000.00, 'Lunas', '2026-01-13 21:43:53', '2026-01-13 21:43:53'),
(253, 22, 1, 2, 'November', 2024, '2024-11-20', 200000.00, 'Lunas', '2026-01-13 21:43:53', '2026-01-13 21:43:53'),
(254, 22, 1, 2, 'Desember', 2024, '2024-12-28', 200000.00, 'Lunas', '2026-01-13 21:43:53', '2026-01-13 21:43:53'),
(255, 23, 1, 2, 'Januari', 2024, '2024-01-25', 200000.00, 'Lunas', '2026-01-13 21:43:53', '2026-01-13 21:43:53'),
(256, 23, 1, 2, 'Februari', 2024, '2024-02-14', 200000.00, 'Lunas', '2026-01-13 21:43:53', '2026-01-13 21:43:53'),
(257, 23, 1, 2, 'Maret', 2024, '2024-03-08', 200000.00, 'Lunas', '2026-01-13 21:43:53', '2026-01-13 21:43:53'),
(258, 23, 1, 2, 'April', 2024, '2024-04-27', 200000.00, 'Lunas', '2026-01-13 21:43:53', '2026-01-13 21:43:53'),
(259, 23, 1, 2, 'Mei', 2024, '2024-05-17', 200000.00, 'Lunas', '2026-01-13 21:43:53', '2026-01-13 21:43:53'),
(260, 23, 1, 2, 'Juni', 2024, '2024-06-11', 200000.00, 'Lunas', '2026-01-13 21:43:53', '2026-01-13 21:43:53'),
(261, 23, 1, 2, 'Juli', 2024, '2024-07-10', 200000.00, 'Lunas', '2026-01-13 21:43:53', '2026-01-13 21:43:53'),
(262, 23, 1, 2, 'Agustus', 2024, '2024-08-28', 200000.00, 'Lunas', '2026-01-13 21:43:53', '2026-01-13 21:43:53'),
(263, 23, 1, 2, 'September', 2024, '2024-09-11', 200000.00, 'Lunas', '2026-01-13 21:43:54', '2026-01-13 21:43:54'),
(264, 23, 1, 2, 'Oktober', 2024, '2024-10-20', 200000.00, 'Lunas', '2026-01-13 21:43:54', '2026-01-13 21:43:54'),
(265, 23, 1, 2, 'November', 2024, '2024-11-27', 200000.00, 'Lunas', '2026-01-13 21:43:54', '2026-01-13 21:43:54'),
(266, 23, 1, 2, 'Desember', 2024, '2024-12-22', 200000.00, 'Lunas', '2026-01-13 21:43:54', '2026-01-13 21:43:54'),
(267, 24, 1, 2, 'Januari', 2024, '2024-01-20', 200000.00, 'Lunas', '2026-01-13 21:43:54', '2026-01-13 21:43:54'),
(268, 24, 1, 2, 'Februari', 2024, '2024-02-13', 200000.00, 'Lunas', '2026-01-13 21:43:54', '2026-01-13 21:43:54'),
(269, 24, 1, 2, 'Maret', 2024, '2024-03-15', 200000.00, 'Lunas', '2026-01-13 21:43:54', '2026-01-13 21:43:54'),
(270, 24, 1, 2, 'April', 2024, '2024-04-19', 200000.00, 'Lunas', '2026-01-13 21:43:54', '2026-01-13 21:43:54'),
(271, 24, 1, 2, 'Mei', 2024, '2024-05-14', 200000.00, 'Lunas', '2026-01-13 21:43:54', '2026-01-13 21:43:54'),
(272, 24, 1, 2, 'Juni', 2024, '2024-06-10', 200000.00, 'Lunas', '2026-01-13 21:43:54', '2026-01-13 21:43:54'),
(273, 24, 1, 2, 'Juli', 2024, '2024-07-12', 200000.00, 'Lunas', '2026-01-13 21:43:54', '2026-01-13 21:43:54'),
(274, 24, 1, 2, 'Agustus', 2024, '2024-08-07', 200000.00, 'Lunas', '2026-01-13 21:43:54', '2026-01-13 21:43:54'),
(275, 24, 1, 2, 'September', 2024, '2024-09-02', 200000.00, 'Lunas', '2026-01-13 21:43:54', '2026-01-13 21:43:54'),
(276, 24, 1, 2, 'Oktober', 2024, '2024-10-13', 200000.00, 'Lunas', '2026-01-13 21:43:54', '2026-01-13 21:43:54'),
(277, 24, 1, 2, 'November', 2024, '2024-11-27', 200000.00, 'Lunas', '2026-01-13 21:43:54', '2026-01-13 21:43:54'),
(278, 24, 1, 2, 'Desember', 2024, '2024-12-06', 200000.00, 'Lunas', '2026-01-13 21:43:54', '2026-01-13 21:43:54'),
(279, 25, 1, 2, 'Januari', 2024, '2024-01-11', 200000.00, 'Lunas', '2026-01-13 21:43:54', '2026-01-13 21:43:54'),
(280, 25, 1, 2, 'Februari', 2024, '2024-02-08', 200000.00, 'Lunas', '2026-01-13 21:43:54', '2026-01-13 21:43:54'),
(281, 25, 1, 2, 'Maret', 2024, '2024-03-16', 200000.00, 'Lunas', '2026-01-13 21:43:54', '2026-01-13 21:43:54'),
(282, 25, 1, 2, 'April', 2024, '2024-04-05', 200000.00, 'Lunas', '2026-01-13 21:43:54', '2026-01-13 21:43:54'),
(283, 25, 1, 2, 'Mei', 2024, '2024-05-14', 200000.00, 'Lunas', '2026-01-13 21:43:54', '2026-01-13 21:43:54'),
(284, 25, 1, 2, 'Juni', 2024, '2024-06-23', 200000.00, 'Lunas', '2026-01-13 21:43:54', '2026-01-13 21:43:54'),
(285, 25, 1, 2, 'Juli', 2024, '2024-07-11', 200000.00, 'Lunas', '2026-01-13 21:43:54', '2026-01-13 21:43:54'),
(286, 25, 1, 2, 'Agustus', 2024, '2024-08-14', 200000.00, 'Lunas', '2026-01-13 21:43:54', '2026-01-13 21:43:54'),
(287, 25, 1, 2, 'September', 2024, '2024-09-03', 200000.00, 'Lunas', '2026-01-13 21:43:54', '2026-01-13 21:43:54'),
(288, 25, 1, 2, 'Oktober', 2024, '2024-10-09', 200000.00, 'Lunas', '2026-01-13 21:43:54', '2026-01-13 21:43:54'),
(289, 25, 1, 2, 'November', 2024, '2024-11-16', 200000.00, 'Lunas', '2026-01-13 21:43:54', '2026-01-13 21:43:54'),
(290, 25, 1, 2, 'Desember', 2024, '2024-12-03', 200000.00, 'Lunas', '2026-01-13 21:43:54', '2026-01-13 21:43:54'),
(291, 26, 1, 2, 'Januari', 2024, '2024-01-06', 200000.00, 'Lunas', '2026-01-13 21:43:54', '2026-01-13 21:43:54'),
(292, 26, 1, 2, 'Februari', 2024, '2024-02-18', 200000.00, 'Lunas', '2026-01-13 21:43:54', '2026-01-13 21:43:54'),
(293, 26, 1, 2, 'Maret', 2024, '2024-03-24', 200000.00, 'Lunas', '2026-01-13 21:43:54', '2026-01-13 21:43:54'),
(294, 26, 1, 2, 'April', 2024, '2024-04-20', 200000.00, 'Lunas', '2026-01-13 21:43:54', '2026-01-13 21:43:54'),
(295, 26, 1, 2, 'Mei', 2024, '2024-05-06', 200000.00, 'Lunas', '2026-01-13 21:43:54', '2026-01-13 21:43:54'),
(296, 26, 1, 2, 'Juni', 2024, '2024-06-10', 200000.00, 'Lunas', '2026-01-13 21:43:54', '2026-01-13 21:43:54'),
(297, 26, 1, 2, 'Juli', 2024, '2024-07-03', 200000.00, 'Lunas', '2026-01-13 21:43:54', '2026-01-13 21:43:54'),
(298, 26, 1, 2, 'Agustus', 2024, '2024-08-26', 200000.00, 'Lunas', '2026-01-13 21:43:54', '2026-01-13 21:43:54'),
(299, 26, 1, 2, 'September', 2024, '2024-09-03', 200000.00, 'Lunas', '2026-01-13 21:43:54', '2026-01-13 21:43:54'),
(300, 26, 1, 2, 'Oktober', 2024, '2024-10-25', 200000.00, 'Lunas', '2026-01-13 21:43:54', '2026-01-13 21:43:54'),
(301, 26, 1, 2, 'November', 2024, '2024-11-16', 200000.00, 'Lunas', '2026-01-13 21:43:54', '2026-01-13 21:43:54'),
(302, 26, 1, 2, 'Desember', 2024, '2024-12-18', 200000.00, 'Lunas', '2026-01-13 21:43:54', '2026-01-13 21:43:54'),
(303, 27, 1, 2, 'Januari', 2024, '2024-01-06', 200000.00, 'Lunas', '2026-01-13 21:43:54', '2026-01-13 21:43:54'),
(304, 27, 1, 2, 'Februari', 2024, '2024-02-08', 200000.00, 'Lunas', '2026-01-13 21:43:54', '2026-01-13 21:43:54'),
(305, 27, 1, 2, 'Maret', 2024, '2024-03-12', 200000.00, 'Lunas', '2026-01-13 21:43:54', '2026-01-13 21:43:54'),
(306, 27, 1, 2, 'April', 2024, '2024-04-07', 200000.00, 'Lunas', '2026-01-13 21:43:54', '2026-01-13 21:43:54'),
(307, 27, 1, 2, 'Mei', 2024, '2024-05-09', 200000.00, 'Lunas', '2026-01-13 21:43:54', '2026-01-13 21:43:54'),
(308, 27, 1, 2, 'Juni', 2024, '2024-06-24', 200000.00, 'Lunas', '2026-01-13 21:43:54', '2026-01-13 21:43:54'),
(309, 27, 1, 2, 'Juli', 2024, '2024-07-09', 200000.00, 'Lunas', '2026-01-13 21:43:54', '2026-01-13 21:43:54'),
(310, 27, 1, 2, 'Agustus', 2024, '2024-08-26', 200000.00, 'Lunas', '2026-01-13 21:43:54', '2026-01-13 21:43:54'),
(311, 27, 1, 2, 'September', 2024, '2024-09-23', 200000.00, 'Lunas', '2026-01-13 21:43:54', '2026-01-13 21:43:54'),
(312, 27, 1, 2, 'Oktober', 2024, '2024-10-22', 200000.00, 'Lunas', '2026-01-13 21:43:54', '2026-01-13 21:43:54'),
(313, 27, 1, 2, 'November', 2024, '2024-11-11', 200000.00, 'Lunas', '2026-01-13 21:43:54', '2026-01-13 21:43:54'),
(314, 27, 1, 2, 'Desember', 2024, '2024-12-27', 200000.00, 'Lunas', '2026-01-13 21:43:54', '2026-01-13 21:43:54'),
(315, 28, 1, 2, 'Januari', 2024, '2024-01-09', 200000.00, 'Lunas', '2026-01-13 21:43:54', '2026-01-13 21:43:54'),
(316, 28, 1, 2, 'Februari', 2024, '2024-02-26', 200000.00, 'Lunas', '2026-01-13 21:43:54', '2026-01-13 21:43:54'),
(317, 28, 1, 2, 'Maret', 2024, '2024-03-07', 200000.00, 'Lunas', '2026-01-13 21:43:54', '2026-01-13 21:43:54'),
(318, 28, 1, 2, 'April', 2024, '2024-04-23', 200000.00, 'Lunas', '2026-01-13 21:43:54', '2026-01-13 21:43:54'),
(319, 28, 1, 2, 'Mei', 2024, '2024-05-12', 200000.00, 'Lunas', '2026-01-13 21:43:54', '2026-01-13 21:43:54'),
(320, 28, 1, 2, 'Juni', 2024, '2024-06-06', 200000.00, 'Lunas', '2026-01-13 21:43:54', '2026-01-13 21:43:54'),
(321, 28, 1, 2, 'Juli', 2024, '2024-07-23', 200000.00, 'Lunas', '2026-01-13 21:43:54', '2026-01-13 21:43:54'),
(322, 28, 1, 2, 'Agustus', 2024, '2024-08-06', 200000.00, 'Lunas', '2026-01-13 21:43:54', '2026-01-13 21:43:54'),
(323, 28, 1, 2, 'September', 2024, '2024-09-23', 200000.00, 'Lunas', '2026-01-13 21:43:54', '2026-01-13 21:43:54'),
(324, 28, 1, 2, 'Oktober', 2024, '2024-10-27', 200000.00, 'Lunas', '2026-01-13 21:43:54', '2026-01-13 21:43:54'),
(325, 28, 1, 2, 'November', 2024, '2024-11-09', 200000.00, 'Lunas', '2026-01-13 21:43:54', '2026-01-13 21:43:54'),
(326, 28, 1, 2, 'Desember', 2024, '2024-12-10', 200000.00, 'Lunas', '2026-01-13 21:43:54', '2026-01-13 21:43:54'),
(327, 29, 1, 2, 'Januari', 2024, '2024-01-24', 200000.00, 'Lunas', '2026-01-13 21:43:54', '2026-01-13 21:43:54'),
(328, 29, 1, 2, 'Februari', 2024, '2024-02-11', 200000.00, 'Lunas', '2026-01-13 21:43:54', '2026-01-13 21:43:54'),
(329, 29, 1, 2, 'Maret', 2024, '2024-03-02', 200000.00, 'Lunas', '2026-01-13 21:43:54', '2026-01-13 21:43:54'),
(330, 29, 1, 2, 'April', 2024, '2024-04-15', 200000.00, 'Lunas', '2026-01-13 21:43:54', '2026-01-13 21:43:54'),
(331, 29, 1, 2, 'Mei', 2024, '2024-05-21', 200000.00, 'Lunas', '2026-01-13 21:43:54', '2026-01-13 21:43:54'),
(332, 29, 1, 2, 'Juni', 2024, '2024-06-25', 200000.00, 'Lunas', '2026-01-13 21:43:54', '2026-01-13 21:43:54'),
(333, 29, 1, 2, 'Juli', 2024, '2024-07-05', 200000.00, 'Lunas', '2026-01-13 21:43:54', '2026-01-13 21:43:54'),
(334, 29, 1, 2, 'Agustus', 2024, '2024-08-24', 200000.00, 'Lunas', '2026-01-13 21:43:54', '2026-01-13 21:43:54'),
(335, 29, 1, 2, 'September', 2024, '2024-09-12', 200000.00, 'Lunas', '2026-01-13 21:43:54', '2026-01-13 21:43:54'),
(336, 29, 1, 2, 'Oktober', 2024, '2024-10-28', 200000.00, 'Lunas', '2026-01-13 21:43:54', '2026-01-13 21:43:54'),
(337, 29, 1, 2, 'November', 2024, '2024-11-10', 200000.00, 'Lunas', '2026-01-13 21:43:54', '2026-01-13 21:43:54'),
(338, 29, 1, 2, 'Desember', 2024, '2024-12-21', 200000.00, 'Lunas', '2026-01-13 21:43:54', '2026-01-13 21:43:54'),
(339, 30, 1, 2, 'Januari', 2024, '2024-01-26', 200000.00, 'Lunas', '2026-01-13 21:43:54', '2026-01-13 21:43:54'),
(340, 30, 1, 2, 'Februari', 2024, '2024-02-27', 200000.00, 'Lunas', '2026-01-13 21:43:54', '2026-01-13 21:43:54'),
(341, 30, 1, 2, 'Maret', 2024, '2024-03-24', 200000.00, 'Lunas', '2026-01-13 21:43:54', '2026-01-13 21:43:54'),
(342, 30, 1, 2, 'April', 2024, '2024-04-27', 200000.00, 'Lunas', '2026-01-13 21:43:54', '2026-01-13 21:43:54'),
(343, 30, 1, 2, 'Mei', 2024, '2024-05-13', 200000.00, 'Lunas', '2026-01-13 21:43:54', '2026-01-13 21:43:54'),
(344, 30, 1, 2, 'Juni', 2024, '2024-06-07', 200000.00, 'Lunas', '2026-01-13 21:43:54', '2026-01-13 21:43:54'),
(345, 30, 1, 2, 'Juli', 2024, '2024-07-13', 200000.00, 'Lunas', '2026-01-13 21:43:54', '2026-01-13 21:43:54'),
(346, 30, 1, 2, 'Agustus', 2024, '2024-08-05', 200000.00, 'Lunas', '2026-01-13 21:43:54', '2026-01-13 21:43:54'),
(347, 30, 1, 2, 'September', 2024, '2024-09-13', 200000.00, 'Lunas', '2026-01-13 21:43:54', '2026-01-13 21:43:54'),
(348, 30, 1, 2, 'Oktober', 2024, '2024-10-09', 200000.00, 'Lunas', '2026-01-13 21:43:54', '2026-01-13 21:43:54'),
(349, 30, 1, 2, 'November', 2024, '2024-11-06', 200000.00, 'Lunas', '2026-01-13 21:43:54', '2026-01-13 21:43:54'),
(350, 30, 1, 2, 'Desember', 2024, '2024-12-24', 200000.00, 'Lunas', '2026-01-13 21:43:54', '2026-01-13 21:43:54'),
(351, 31, 1, 2, 'Januari', 2024, '2024-01-17', 200000.00, 'Lunas', '2026-01-13 21:43:54', '2026-01-13 21:43:54'),
(352, 31, 1, 2, 'Februari', 2024, '2024-02-12', 200000.00, 'Lunas', '2026-01-13 21:43:54', '2026-01-13 21:43:54'),
(353, 31, 1, 2, 'Maret', 2024, '2024-03-10', 200000.00, 'Lunas', '2026-01-13 21:43:54', '2026-01-13 21:43:54'),
(354, 31, 1, 2, 'April', 2024, '2024-04-17', 200000.00, 'Lunas', '2026-01-13 21:43:54', '2026-01-13 21:43:54'),
(355, 31, 1, 2, 'Mei', 2024, '2024-05-06', 200000.00, 'Lunas', '2026-01-13 21:43:54', '2026-01-13 21:43:54'),
(356, 31, 1, 2, 'Juni', 2024, '2024-06-15', 200000.00, 'Lunas', '2026-01-13 21:43:54', '2026-01-13 21:43:54'),
(357, 31, 1, 2, 'Juli', 2024, '2024-07-27', 200000.00, 'Lunas', '2026-01-13 21:43:54', '2026-01-13 21:43:54'),
(358, 31, 1, 2, 'Agustus', 2024, '2024-08-05', 200000.00, 'Lunas', '2026-01-13 21:43:54', '2026-01-13 21:43:54'),
(359, 31, 1, 2, 'September', 2024, '2024-09-15', 200000.00, 'Lunas', '2026-01-13 21:43:54', '2026-01-13 21:43:54'),
(360, 31, 1, 2, 'Oktober', 2024, '2024-10-13', 200000.00, 'Lunas', '2026-01-13 21:43:54', '2026-01-13 21:43:54'),
(361, 31, 1, 2, 'November', 2024, '2024-11-10', 200000.00, 'Lunas', '2026-01-13 21:43:54', '2026-01-13 21:43:54'),
(362, 31, 1, 2, 'Desember', 2024, '2024-12-01', 200000.00, 'Lunas', '2026-01-13 21:43:54', '2026-01-13 21:43:54'),
(363, 32, 1, 2, 'Januari', 2024, '2024-01-25', 200000.00, 'Lunas', '2026-01-13 21:43:54', '2026-01-13 21:43:54'),
(364, 32, 1, 2, 'Februari', 2024, '2024-02-25', 200000.00, 'Lunas', '2026-01-13 21:43:54', '2026-01-13 21:43:54'),
(365, 32, 1, 2, 'Maret', 2024, '2024-03-10', 200000.00, 'Lunas', '2026-01-13 21:43:54', '2026-01-13 21:43:54'),
(366, 32, 1, 2, 'April', 2024, '2024-04-05', 200000.00, 'Lunas', '2026-01-13 21:43:54', '2026-01-13 21:43:54'),
(367, 32, 1, 2, 'Mei', 2024, '2024-05-05', 200000.00, 'Lunas', '2026-01-13 21:43:54', '2026-01-13 21:43:54'),
(368, 32, 1, 2, 'Juni', 2024, '2024-06-13', 200000.00, 'Lunas', '2026-01-13 21:43:54', '2026-01-13 21:43:54'),
(369, 32, 1, 2, 'Juli', 2024, '2024-07-12', 200000.00, 'Lunas', '2026-01-13 21:43:54', '2026-01-13 21:43:54'),
(370, 32, 1, 2, 'Agustus', 2024, '2024-08-26', 200000.00, 'Lunas', '2026-01-13 21:43:54', '2026-01-13 21:43:54'),
(371, 32, 1, 2, 'September', 2024, '2024-09-19', 200000.00, 'Lunas', '2026-01-13 21:43:54', '2026-01-13 21:43:54'),
(372, 32, 1, 2, 'Oktober', 2024, '2024-10-24', 200000.00, 'Lunas', '2026-01-13 21:43:54', '2026-01-13 21:43:54'),
(373, 32, 1, 2, 'November', 2024, '2024-11-28', 200000.00, 'Lunas', '2026-01-13 21:43:54', '2026-01-13 21:43:54'),
(374, 32, 1, 2, 'Desember', 2024, '2024-12-27', 200000.00, 'Lunas', '2026-01-13 21:43:54', '2026-01-13 21:43:54'),
(375, 33, 1, 2, 'Januari', 2024, '2024-01-04', 200000.00, 'Lunas', '2026-01-13 21:43:54', '2026-01-13 21:43:54'),
(376, 33, 1, 2, 'Februari', 2024, '2024-02-25', 200000.00, 'Lunas', '2026-01-13 21:43:54', '2026-01-13 21:43:54'),
(377, 33, 1, 2, 'Maret', 2024, '2024-03-19', 200000.00, 'Lunas', '2026-01-13 21:43:54', '2026-01-13 21:43:54'),
(378, 33, 1, 2, 'April', 2024, '2024-04-24', 200000.00, 'Lunas', '2026-01-13 21:43:54', '2026-01-13 21:43:54'),
(379, 33, 1, 2, 'Mei', 2024, '2024-05-02', 200000.00, 'Lunas', '2026-01-13 21:43:54', '2026-01-13 21:43:54'),
(380, 33, 1, 2, 'Juni', 2024, '2024-06-24', 200000.00, 'Lunas', '2026-01-13 21:43:54', '2026-01-13 21:43:54'),
(381, 33, 1, 2, 'Juli', 2024, '2024-07-13', 200000.00, 'Lunas', '2026-01-13 21:43:54', '2026-01-13 21:43:54'),
(382, 33, 1, 2, 'Agustus', 2024, '2024-08-26', 200000.00, 'Lunas', '2026-01-13 21:43:54', '2026-01-13 21:43:54'),
(383, 33, 1, 2, 'September', 2024, '2024-09-21', 200000.00, 'Lunas', '2026-01-13 21:43:54', '2026-01-13 21:43:54'),
(384, 33, 1, 2, 'Oktober', 2024, '2024-10-25', 200000.00, 'Lunas', '2026-01-13 21:43:54', '2026-01-13 21:43:54'),
(385, 33, 1, 2, 'November', 2024, '2024-11-19', 200000.00, 'Lunas', '2026-01-13 21:43:54', '2026-01-13 21:43:54'),
(386, 33, 1, 2, 'Desember', 2024, '2024-12-26', 200000.00, 'Lunas', '2026-01-13 21:43:54', '2026-01-13 21:43:54'),
(387, 34, 1, 2, 'Januari', 2024, '2024-01-28', 200000.00, 'Lunas', '2026-01-13 21:43:54', '2026-01-13 21:43:54'),
(388, 34, 1, 2, 'Februari', 2024, '2024-02-03', 200000.00, 'Lunas', '2026-01-13 21:43:54', '2026-01-13 21:43:54'),
(389, 34, 1, 2, 'Maret', 2024, '2024-03-17', 200000.00, 'Lunas', '2026-01-13 21:43:54', '2026-01-13 21:43:54'),
(390, 34, 1, 2, 'April', 2024, '2024-04-24', 200000.00, 'Lunas', '2026-01-13 21:43:54', '2026-01-13 21:43:54'),
(391, 34, 1, 2, 'Mei', 2024, '2024-05-13', 200000.00, 'Lunas', '2026-01-13 21:43:54', '2026-01-13 21:43:54'),
(392, 34, 1, 2, 'Juni', 2024, '2024-06-19', 200000.00, 'Lunas', '2026-01-13 21:43:54', '2026-01-13 21:43:54'),
(393, 34, 1, 2, 'Juli', 2024, '2024-07-12', 200000.00, 'Lunas', '2026-01-13 21:43:54', '2026-01-13 21:43:54'),
(394, 34, 1, 2, 'Agustus', 2024, '2024-08-05', 200000.00, 'Lunas', '2026-01-13 21:43:54', '2026-01-13 21:43:54'),
(395, 34, 1, 2, 'September', 2024, '2024-09-21', 200000.00, 'Lunas', '2026-01-13 21:43:54', '2026-01-13 21:43:54'),
(396, 34, 1, 2, 'Oktober', 2024, '2024-10-26', 200000.00, 'Lunas', '2026-01-13 21:43:54', '2026-01-13 21:43:54'),
(397, 34, 1, 2, 'November', 2024, '2024-11-16', 200000.00, 'Lunas', '2026-01-13 21:43:54', '2026-01-13 21:43:54'),
(398, 34, 1, 2, 'Desember', 2024, '2024-12-25', 200000.00, 'Lunas', '2026-01-13 21:43:54', '2026-01-13 21:43:54'),
(399, 35, 1, 2, 'Januari', 2024, '2024-01-25', 200000.00, 'Lunas', '2026-01-13 21:43:54', '2026-01-13 21:43:54'),
(400, 35, 1, 2, 'Februari', 2024, '2024-02-09', 200000.00, 'Lunas', '2026-01-13 21:43:54', '2026-01-13 21:43:54'),
(401, 35, 1, 2, 'Maret', 2024, '2024-03-14', 200000.00, 'Lunas', '2026-01-13 21:43:54', '2026-01-13 21:43:54'),
(402, 35, 1, 2, 'April', 2024, '2024-04-11', 200000.00, 'Lunas', '2026-01-13 21:43:54', '2026-01-13 21:43:54'),
(403, 35, 1, 2, 'Mei', 2024, '2024-05-18', 200000.00, 'Lunas', '2026-01-13 21:43:54', '2026-01-13 21:43:54'),
(404, 35, 1, 2, 'Juni', 2024, '2024-06-17', 200000.00, 'Lunas', '2026-01-13 21:43:54', '2026-01-13 21:43:54'),
(405, 35, 1, 2, 'Juli', 2024, '2024-07-27', 200000.00, 'Lunas', '2026-01-13 21:43:54', '2026-01-13 21:43:54'),
(406, 35, 1, 2, 'Agustus', 2024, '2024-08-24', 200000.00, 'Lunas', '2026-01-13 21:43:54', '2026-01-13 21:43:54'),
(407, 35, 1, 2, 'September', 2024, '2024-09-16', 200000.00, 'Lunas', '2026-01-13 21:43:54', '2026-01-13 21:43:54'),
(408, 35, 1, 2, 'Oktober', 2024, '2024-10-04', 200000.00, 'Lunas', '2026-01-13 21:43:54', '2026-01-13 21:43:54'),
(409, 35, 1, 2, 'November', 2024, '2024-11-21', 200000.00, 'Lunas', '2026-01-13 21:43:54', '2026-01-13 21:43:54'),
(410, 35, 1, 2, 'Desember', 2024, '2024-12-05', 200000.00, 'Lunas', '2026-01-13 21:43:54', '2026-01-13 21:43:54'),
(411, 36, 1, 2, 'Januari', 2024, '2024-01-15', 200000.00, 'Lunas', '2026-01-13 21:43:54', '2026-01-13 21:43:54'),
(412, 36, 1, 2, 'Februari', 2024, '2024-02-16', 200000.00, 'Lunas', '2026-01-13 21:43:54', '2026-01-13 21:43:54'),
(413, 36, 1, 2, 'Maret', 2024, '2024-03-12', 200000.00, 'Lunas', '2026-01-13 21:43:54', '2026-01-13 21:43:54'),
(414, 36, 1, 2, 'April', 2024, '2024-04-27', 200000.00, 'Lunas', '2026-01-13 21:43:54', '2026-01-13 21:43:54'),
(415, 36, 1, 2, 'Mei', 2024, '2024-05-12', 200000.00, 'Lunas', '2026-01-13 21:43:54', '2026-01-13 21:43:54'),
(416, 36, 1, 2, 'Juni', 2024, '2024-06-26', 200000.00, 'Lunas', '2026-01-13 21:43:54', '2026-01-13 21:43:54'),
(417, 36, 1, 2, 'Juli', 2024, '2024-07-12', 200000.00, 'Lunas', '2026-01-13 21:43:54', '2026-01-13 21:43:54'),
(418, 36, 1, 2, 'Agustus', 2024, '2024-08-17', 200000.00, 'Lunas', '2026-01-13 21:43:54', '2026-01-13 21:43:54'),
(419, 36, 1, 2, 'September', 2024, '2024-09-23', 200000.00, 'Lunas', '2026-01-13 21:43:54', '2026-01-13 21:43:54'),
(420, 36, 1, 2, 'Oktober', 2024, '2024-10-07', 200000.00, 'Lunas', '2026-01-13 21:43:54', '2026-01-13 21:43:54'),
(421, 36, 1, 2, 'November', 2024, '2024-11-22', 200000.00, 'Lunas', '2026-01-13 21:43:54', '2026-01-13 21:43:54'),
(422, 36, 1, 2, 'Desember', 2024, '2024-12-01', 200000.00, 'Lunas', '2026-01-13 21:43:54', '2026-01-13 21:43:54'),
(423, 37, 1, 2, 'Januari', 2024, '2024-01-18', 200000.00, 'Lunas', '2026-01-13 21:43:54', '2026-01-13 21:43:54'),
(424, 37, 1, 2, 'Februari', 2024, '2024-02-16', 200000.00, 'Lunas', '2026-01-13 21:43:54', '2026-01-13 21:43:54'),
(425, 37, 1, 2, 'Maret', 2024, '2024-03-05', 200000.00, 'Lunas', '2026-01-13 21:43:54', '2026-01-13 21:43:54'),
(426, 37, 1, 2, 'April', 2024, '2024-04-05', 200000.00, 'Lunas', '2026-01-13 21:43:54', '2026-01-13 21:43:54'),
(427, 37, 1, 2, 'Mei', 2024, '2024-05-11', 200000.00, 'Lunas', '2026-01-13 21:43:54', '2026-01-13 21:43:54'),
(428, 37, 1, 2, 'Juni', 2024, '2024-06-05', 200000.00, 'Lunas', '2026-01-13 21:43:54', '2026-01-13 21:43:54'),
(429, 37, 1, 2, 'Juli', 2024, '2024-07-19', 200000.00, 'Lunas', '2026-01-13 21:43:54', '2026-01-13 21:43:54'),
(430, 37, 1, 2, 'Agustus', 2024, '2024-08-16', 200000.00, 'Lunas', '2026-01-13 21:43:54', '2026-01-13 21:43:54'),
(431, 37, 1, 2, 'September', 2024, '2024-09-28', 200000.00, 'Lunas', '2026-01-13 21:43:54', '2026-01-13 21:43:54'),
(432, 37, 1, 2, 'Oktober', 2024, '2024-10-20', 200000.00, 'Lunas', '2026-01-13 21:43:54', '2026-01-13 21:43:54'),
(433, 37, 1, 2, 'November', 2024, '2024-11-06', 200000.00, 'Lunas', '2026-01-13 21:43:54', '2026-01-13 21:43:54'),
(434, 37, 1, 2, 'Desember', 2024, '2024-12-01', 200000.00, 'Lunas', '2026-01-13 21:43:54', '2026-01-13 21:43:54'),
(435, 38, 1, 2, 'Januari', 2024, '2024-01-17', 200000.00, 'Lunas', '2026-01-13 21:43:54', '2026-01-13 21:43:54'),
(436, 38, 1, 2, 'Februari', 2024, '2024-02-17', 200000.00, 'Lunas', '2026-01-13 21:43:54', '2026-01-13 21:43:54'),
(437, 38, 1, 2, 'Maret', 2024, '2024-03-13', 200000.00, 'Lunas', '2026-01-13 21:43:54', '2026-01-13 21:43:54'),
(438, 38, 1, 2, 'April', 2024, '2024-04-21', 200000.00, 'Lunas', '2026-01-13 21:43:54', '2026-01-13 21:43:54'),
(439, 38, 1, 2, 'Mei', 2024, '2024-05-16', 200000.00, 'Lunas', '2026-01-13 21:43:54', '2026-01-13 21:43:54'),
(440, 38, 1, 2, 'Juni', 2024, '2024-06-24', 200000.00, 'Lunas', '2026-01-13 21:43:54', '2026-01-13 21:43:54'),
(441, 38, 1, 2, 'Juli', 2024, '2024-07-26', 200000.00, 'Lunas', '2026-01-13 21:43:54', '2026-01-13 21:43:54'),
(442, 38, 1, 2, 'Agustus', 2024, '2024-08-06', 200000.00, 'Lunas', '2026-01-13 21:43:54', '2026-01-13 21:43:54'),
(443, 38, 1, 2, 'September', 2024, '2024-09-01', 200000.00, 'Lunas', '2026-01-13 21:43:54', '2026-01-13 21:43:54'),
(444, 38, 1, 2, 'Oktober', 2024, '2024-10-15', 200000.00, 'Lunas', '2026-01-13 21:43:54', '2026-01-13 21:43:54'),
(445, 38, 1, 2, 'November', 2024, '2024-11-27', 200000.00, 'Lunas', '2026-01-13 21:43:54', '2026-01-13 21:43:54'),
(446, 38, 1, 2, 'Desember', 2024, '2024-12-25', 200000.00, 'Lunas', '2026-01-13 21:43:54', '2026-01-13 21:43:54'),
(447, 39, 1, 2, 'Januari', 2024, '2024-01-16', 200000.00, 'Lunas', '2026-01-13 21:43:54', '2026-01-13 21:43:54'),
(448, 39, 1, 2, 'Februari', 2024, '2024-02-07', 200000.00, 'Lunas', '2026-01-13 21:43:54', '2026-01-13 21:43:54');
INSERT INTO `pembayaran` (`id`, `id_siswa`, `id_spp`, `id_petugas`, `bulan_dibayar`, `tahun_dibayar`, `tgl_bayar`, `jumlah_bayar`, `status`, `created_at`, `updated_at`) VALUES
(449, 39, 1, 2, 'Maret', 2024, '2024-03-04', 200000.00, 'Lunas', '2026-01-13 21:43:54', '2026-01-13 21:43:54'),
(450, 39, 1, 2, 'April', 2024, '2024-04-21', 200000.00, 'Lunas', '2026-01-13 21:43:54', '2026-01-13 21:43:54'),
(451, 39, 1, 2, 'Mei', 2024, '2024-05-22', 200000.00, 'Lunas', '2026-01-13 21:43:54', '2026-01-13 21:43:54'),
(452, 39, 1, 2, 'Juni', 2024, '2024-06-25', 200000.00, 'Lunas', '2026-01-13 21:43:54', '2026-01-13 21:43:54'),
(453, 39, 1, 2, 'Juli', 2024, '2024-07-20', 200000.00, 'Lunas', '2026-01-13 21:43:54', '2026-01-13 21:43:54'),
(454, 39, 1, 2, 'Agustus', 2024, '2024-08-16', 200000.00, 'Lunas', '2026-01-13 21:43:54', '2026-01-13 21:43:54'),
(455, 39, 1, 2, 'September', 2024, '2024-09-02', 200000.00, 'Lunas', '2026-01-13 21:43:54', '2026-01-13 21:43:54'),
(456, 39, 1, 2, 'Oktober', 2024, '2024-10-14', 200000.00, 'Lunas', '2026-01-13 21:43:54', '2026-01-13 21:43:54'),
(457, 39, 1, 2, 'November', 2024, '2024-11-20', 200000.00, 'Lunas', '2026-01-13 21:43:54', '2026-01-13 21:43:54'),
(458, 39, 1, 2, 'Desember', 2024, '2024-12-15', 200000.00, 'Lunas', '2026-01-13 21:43:54', '2026-01-13 21:43:54'),
(459, 40, 1, 2, 'Januari', 2024, '2024-01-14', 200000.00, 'Lunas', '2026-01-13 21:43:54', '2026-01-13 21:43:54'),
(460, 40, 1, 2, 'Februari', 2024, '2024-02-16', 200000.00, 'Lunas', '2026-01-13 21:43:54', '2026-01-13 21:43:54'),
(461, 40, 1, 2, 'Maret', 2024, '2024-03-10', 200000.00, 'Lunas', '2026-01-13 21:43:54', '2026-01-13 21:43:54'),
(462, 40, 1, 2, 'April', 2024, '2024-04-16', 200000.00, 'Lunas', '2026-01-13 21:43:54', '2026-01-13 21:43:54'),
(463, 40, 1, 2, 'Mei', 2024, '2024-05-23', 200000.00, 'Lunas', '2026-01-13 21:43:54', '2026-01-13 21:43:54'),
(464, 40, 1, 2, 'Juni', 2024, '2024-06-18', 200000.00, 'Lunas', '2026-01-13 21:43:54', '2026-01-13 21:43:54'),
(465, 40, 1, 2, 'Juli', 2024, '2024-07-19', 200000.00, 'Lunas', '2026-01-13 21:43:54', '2026-01-13 21:43:54'),
(466, 40, 1, 2, 'Agustus', 2024, '2024-08-21', 200000.00, 'Lunas', '2026-01-13 21:43:54', '2026-01-13 21:43:54'),
(467, 40, 1, 2, 'September', 2024, '2024-09-07', 200000.00, 'Lunas', '2026-01-13 21:43:54', '2026-01-13 21:43:54'),
(468, 40, 1, 2, 'Oktober', 2024, '2024-10-02', 200000.00, 'Lunas', '2026-01-13 21:43:54', '2026-01-13 21:43:54'),
(469, 40, 1, 2, 'November', 2024, '2024-11-07', 200000.00, 'Lunas', '2026-01-13 21:43:54', '2026-01-13 21:43:54'),
(470, 40, 1, 2, 'Desember', 2024, '2024-12-02', 200000.00, 'Lunas', '2026-01-13 21:43:54', '2026-01-13 21:43:54'),
(471, 41, 1, 2, 'Januari', 2024, '2024-01-16', 200000.00, 'Lunas', '2026-01-13 21:43:54', '2026-01-13 21:43:54'),
(472, 41, 1, 2, 'Februari', 2024, '2024-02-18', 200000.00, 'Lunas', '2026-01-13 21:43:54', '2026-01-13 21:43:54'),
(473, 41, 1, 2, 'Maret', 2024, '2024-03-05', 200000.00, 'Lunas', '2026-01-13 21:43:54', '2026-01-13 21:43:54'),
(474, 41, 1, 2, 'April', 2024, '2024-04-07', 200000.00, 'Lunas', '2026-01-13 21:43:54', '2026-01-13 21:43:54'),
(475, 41, 1, 2, 'Mei', 2024, '2024-05-07', 200000.00, 'Lunas', '2026-01-13 21:43:54', '2026-01-13 21:43:54'),
(476, 41, 1, 2, 'Juni', 2024, '2024-06-13', 200000.00, 'Lunas', '2026-01-13 21:43:54', '2026-01-13 21:43:54'),
(477, 41, 1, 2, 'Juli', 2024, '2024-07-26', 200000.00, 'Lunas', '2026-01-13 21:43:54', '2026-01-13 21:43:54'),
(478, 41, 1, 2, 'Agustus', 2024, '2024-08-09', 200000.00, 'Lunas', '2026-01-13 21:43:54', '2026-01-13 21:43:54'),
(479, 41, 1, 2, 'September', 2024, '2024-09-06', 200000.00, 'Lunas', '2026-01-13 21:43:54', '2026-01-13 21:43:54'),
(480, 41, 1, 2, 'Oktober', 2024, '2024-10-16', 200000.00, 'Lunas', '2026-01-13 21:43:54', '2026-01-13 21:43:54'),
(481, 41, 1, 2, 'November', 2024, '2024-11-05', 200000.00, 'Lunas', '2026-01-13 21:43:54', '2026-01-13 21:43:54'),
(482, 41, 1, 2, 'Desember', 2024, '2024-12-13', 200000.00, 'Lunas', '2026-01-13 21:43:54', '2026-01-13 21:43:54'),
(483, 42, 1, 2, 'Januari', 2024, '2024-01-21', 200000.00, 'Lunas', '2026-01-13 21:43:55', '2026-01-13 21:43:55'),
(484, 42, 1, 2, 'Februari', 2024, '2024-02-13', 200000.00, 'Lunas', '2026-01-13 21:43:55', '2026-01-13 21:43:55'),
(485, 42, 1, 2, 'Maret', 2024, '2024-03-14', 200000.00, 'Lunas', '2026-01-13 21:43:55', '2026-01-13 21:43:55'),
(486, 42, 1, 2, 'April', 2024, '2024-04-18', 200000.00, 'Lunas', '2026-01-13 21:43:55', '2026-01-13 21:43:55'),
(487, 42, 1, 2, 'Mei', 2024, '2024-05-28', 200000.00, 'Lunas', '2026-01-13 21:43:55', '2026-01-13 21:43:55'),
(488, 42, 1, 2, 'Juni', 2024, '2024-06-19', 200000.00, 'Lunas', '2026-01-13 21:43:55', '2026-01-13 21:43:55'),
(489, 42, 1, 2, 'Juli', 2024, '2024-07-10', 200000.00, 'Lunas', '2026-01-13 21:43:55', '2026-01-13 21:43:55'),
(490, 42, 1, 2, 'Agustus', 2024, '2024-08-23', 200000.00, 'Lunas', '2026-01-13 21:43:55', '2026-01-13 21:43:55'),
(491, 42, 1, 2, 'September', 2024, '2024-09-28', 200000.00, 'Lunas', '2026-01-13 21:43:55', '2026-01-13 21:43:55'),
(492, 42, 1, 2, 'Oktober', 2024, '2024-10-08', 200000.00, 'Lunas', '2026-01-13 21:43:55', '2026-01-13 21:43:55'),
(493, 42, 1, 2, 'November', 2024, '2024-11-09', 200000.00, 'Lunas', '2026-01-13 21:43:55', '2026-01-13 21:43:55'),
(494, 42, 1, 2, 'Desember', 2024, '2024-12-15', 200000.00, 'Lunas', '2026-01-13 21:43:55', '2026-01-13 21:43:55'),
(495, 43, 1, 2, 'Januari', 2024, '2024-01-10', 200000.00, 'Lunas', '2026-01-13 21:43:55', '2026-01-13 21:43:55'),
(496, 43, 1, 2, 'Februari', 2024, '2024-02-12', 200000.00, 'Lunas', '2026-01-13 21:43:55', '2026-01-13 21:43:55'),
(497, 43, 1, 2, 'Maret', 2024, '2024-03-20', 200000.00, 'Lunas', '2026-01-13 21:43:55', '2026-01-13 21:43:55'),
(498, 43, 1, 2, 'April', 2024, '2024-04-01', 200000.00, 'Lunas', '2026-01-13 21:43:55', '2026-01-13 21:43:55'),
(499, 43, 1, 2, 'Mei', 2024, '2024-05-21', 200000.00, 'Lunas', '2026-01-13 21:43:55', '2026-01-13 21:43:55'),
(500, 43, 1, 2, 'Juni', 2024, '2024-06-07', 200000.00, 'Lunas', '2026-01-13 21:43:55', '2026-01-13 21:43:55'),
(501, 43, 1, 2, 'Juli', 2024, '2024-07-18', 200000.00, 'Lunas', '2026-01-13 21:43:55', '2026-01-13 21:43:55'),
(502, 43, 1, 2, 'Agustus', 2024, '2024-08-25', 200000.00, 'Lunas', '2026-01-13 21:43:55', '2026-01-13 21:43:55'),
(503, 43, 1, 2, 'September', 2024, '2024-09-27', 200000.00, 'Lunas', '2026-01-13 21:43:55', '2026-01-13 21:43:55'),
(504, 43, 1, 2, 'Oktober', 2024, '2024-10-26', 200000.00, 'Lunas', '2026-01-13 21:43:55', '2026-01-13 21:43:55'),
(505, 43, 1, 2, 'November', 2024, '2024-11-16', 200000.00, 'Lunas', '2026-01-13 21:43:55', '2026-01-13 21:43:55'),
(506, 43, 1, 2, 'Desember', 2024, '2024-12-19', 200000.00, 'Lunas', '2026-01-13 21:43:55', '2026-01-13 21:43:55'),
(507, 44, 1, 2, 'Januari', 2024, '2024-01-16', 200000.00, 'Lunas', '2026-01-13 21:43:55', '2026-01-13 21:43:55'),
(508, 44, 1, 2, 'Februari', 2024, '2024-02-16', 200000.00, 'Lunas', '2026-01-13 21:43:55', '2026-01-13 21:43:55'),
(509, 44, 1, 2, 'Maret', 2024, '2024-03-02', 200000.00, 'Lunas', '2026-01-13 21:43:55', '2026-01-13 21:43:55'),
(510, 44, 1, 2, 'April', 2024, '2024-04-06', 200000.00, 'Lunas', '2026-01-13 21:43:55', '2026-01-13 21:43:55'),
(511, 44, 1, 2, 'Mei', 2024, '2024-05-14', 200000.00, 'Lunas', '2026-01-13 21:43:55', '2026-01-13 21:43:55'),
(512, 44, 1, 2, 'Juni', 2024, '2024-06-22', 200000.00, 'Lunas', '2026-01-13 21:43:55', '2026-01-13 21:43:55'),
(513, 44, 1, 2, 'Juli', 2024, '2024-07-23', 200000.00, 'Lunas', '2026-01-13 21:43:55', '2026-01-13 21:43:55'),
(514, 44, 1, 2, 'Agustus', 2024, '2024-08-27', 200000.00, 'Lunas', '2026-01-13 21:43:55', '2026-01-13 21:43:55'),
(515, 44, 1, 2, 'September', 2024, '2024-09-08', 200000.00, 'Lunas', '2026-01-13 21:43:55', '2026-01-13 21:43:55'),
(516, 44, 1, 2, 'Oktober', 2024, '2024-10-14', 200000.00, 'Lunas', '2026-01-13 21:43:55', '2026-01-13 21:43:55'),
(517, 44, 1, 2, 'November', 2024, '2024-11-14', 200000.00, 'Lunas', '2026-01-13 21:43:55', '2026-01-13 21:43:55'),
(518, 44, 1, 2, 'Desember', 2024, '2024-12-18', 200000.00, 'Lunas', '2026-01-13 21:43:55', '2026-01-13 21:43:55'),
(519, 45, 1, 2, 'Januari', 2024, '2024-01-24', 200000.00, 'Lunas', '2026-01-13 21:43:55', '2026-01-13 21:43:55'),
(520, 45, 1, 2, 'Februari', 2024, '2024-02-02', 200000.00, 'Lunas', '2026-01-13 21:43:55', '2026-01-13 21:43:55'),
(521, 45, 1, 2, 'Maret', 2024, '2024-03-09', 200000.00, 'Lunas', '2026-01-13 21:43:55', '2026-01-13 21:43:55'),
(522, 45, 1, 2, 'April', 2024, '2024-04-08', 200000.00, 'Lunas', '2026-01-13 21:43:55', '2026-01-13 21:43:55'),
(523, 45, 1, 2, 'Mei', 2024, '2024-05-24', 200000.00, 'Lunas', '2026-01-13 21:43:55', '2026-01-13 21:43:55'),
(524, 45, 1, 2, 'Juni', 2024, '2024-06-17', 200000.00, 'Lunas', '2026-01-13 21:43:55', '2026-01-13 21:43:55'),
(525, 45, 1, 2, 'Juli', 2024, '2024-07-20', 200000.00, 'Lunas', '2026-01-13 21:43:55', '2026-01-13 21:43:55'),
(526, 45, 1, 2, 'Agustus', 2024, '2024-08-12', 200000.00, 'Lunas', '2026-01-13 21:43:55', '2026-01-13 21:43:55'),
(527, 45, 1, 2, 'September', 2024, '2024-09-14', 200000.00, 'Lunas', '2026-01-13 21:43:55', '2026-01-13 21:43:55'),
(528, 45, 1, 2, 'Oktober', 2024, '2024-10-02', 200000.00, 'Lunas', '2026-01-13 21:43:55', '2026-01-13 21:43:55'),
(529, 45, 1, 2, 'November', 2024, '2024-11-04', 200000.00, 'Lunas', '2026-01-13 21:43:55', '2026-01-13 21:43:55'),
(530, 45, 1, 2, 'Desember', 2024, '2024-12-14', 200000.00, 'Lunas', '2026-01-13 21:43:55', '2026-01-13 21:43:55'),
(531, 46, 1, 2, 'Januari', 2024, '2024-01-02', 200000.00, 'Lunas', '2026-01-13 21:43:55', '2026-01-13 21:43:55'),
(532, 46, 1, 2, 'Februari', 2024, '2024-02-20', 200000.00, 'Lunas', '2026-01-13 21:43:55', '2026-01-13 21:43:55'),
(533, 46, 1, 2, 'Maret', 2024, '2024-03-21', 200000.00, 'Lunas', '2026-01-13 21:43:55', '2026-01-13 21:43:55'),
(534, 46, 1, 2, 'April', 2024, '2024-04-27', 200000.00, 'Lunas', '2026-01-13 21:43:55', '2026-01-13 21:43:55'),
(535, 46, 1, 2, 'Mei', 2024, '2024-05-10', 200000.00, 'Lunas', '2026-01-13 21:43:55', '2026-01-13 21:43:55'),
(536, 46, 1, 2, 'Juni', 2024, '2024-06-15', 200000.00, 'Lunas', '2026-01-13 21:43:55', '2026-01-13 21:43:55'),
(537, 46, 1, 2, 'Juli', 2024, '2024-07-02', 200000.00, 'Lunas', '2026-01-13 21:43:55', '2026-01-13 21:43:55'),
(538, 46, 1, 2, 'Agustus', 2024, '2024-08-19', 200000.00, 'Lunas', '2026-01-13 21:43:55', '2026-01-13 21:43:55'),
(539, 46, 1, 2, 'September', 2024, '2024-09-04', 200000.00, 'Lunas', '2026-01-13 21:43:55', '2026-01-13 21:43:55'),
(540, 46, 1, 2, 'Oktober', 2024, '2024-10-28', 200000.00, 'Lunas', '2026-01-13 21:43:55', '2026-01-13 21:43:55'),
(541, 46, 1, 2, 'November', 2024, '2024-11-17', 200000.00, 'Lunas', '2026-01-13 21:43:55', '2026-01-13 21:43:55'),
(542, 46, 1, 2, 'Desember', 2024, '2024-12-12', 200000.00, 'Lunas', '2026-01-13 21:43:55', '2026-01-13 21:43:55'),
(543, 47, 1, 2, 'Januari', 2024, '2024-01-28', 200000.00, 'Lunas', '2026-01-13 21:43:55', '2026-01-13 21:43:55'),
(544, 47, 1, 2, 'Februari', 2024, '2024-02-03', 200000.00, 'Lunas', '2026-01-13 21:43:55', '2026-01-13 21:43:55'),
(545, 47, 1, 2, 'Maret', 2024, '2024-03-17', 200000.00, 'Lunas', '2026-01-13 21:43:55', '2026-01-13 21:43:55'),
(546, 47, 1, 2, 'April', 2024, '2024-04-10', 200000.00, 'Lunas', '2026-01-13 21:43:55', '2026-01-13 21:43:55'),
(547, 47, 1, 2, 'Mei', 2024, '2024-05-03', 200000.00, 'Lunas', '2026-01-13 21:43:55', '2026-01-13 21:43:55'),
(548, 47, 1, 2, 'Juni', 2024, '2024-06-25', 200000.00, 'Lunas', '2026-01-13 21:43:55', '2026-01-13 21:43:55'),
(549, 47, 1, 2, 'Juli', 2024, '2024-07-16', 200000.00, 'Lunas', '2026-01-13 21:43:55', '2026-01-13 21:43:55'),
(550, 47, 1, 2, 'Agustus', 2024, '2024-08-04', 200000.00, 'Lunas', '2026-01-13 21:43:55', '2026-01-13 21:43:55'),
(551, 47, 1, 2, 'September', 2024, '2024-09-27', 200000.00, 'Lunas', '2026-01-13 21:43:55', '2026-01-13 21:43:55'),
(552, 47, 1, 2, 'Oktober', 2024, '2024-10-21', 200000.00, 'Lunas', '2026-01-13 21:43:55', '2026-01-13 21:43:55'),
(553, 47, 1, 2, 'November', 2024, '2024-11-27', 200000.00, 'Lunas', '2026-01-13 21:43:55', '2026-01-13 21:43:55'),
(554, 47, 1, 2, 'Desember', 2024, '2024-12-26', 200000.00, 'Lunas', '2026-01-13 21:43:55', '2026-01-13 21:43:55'),
(555, 48, 1, 2, 'Januari', 2024, '2024-01-12', 200000.00, 'Lunas', '2026-01-13 21:43:55', '2026-01-13 21:43:55'),
(556, 48, 1, 2, 'Februari', 2024, '2024-02-27', 200000.00, 'Lunas', '2026-01-13 21:43:55', '2026-01-13 21:43:55'),
(557, 48, 1, 2, 'Maret', 2024, '2024-03-05', 200000.00, 'Lunas', '2026-01-13 21:43:55', '2026-01-13 21:43:55'),
(558, 48, 1, 2, 'April', 2024, '2024-04-24', 200000.00, 'Lunas', '2026-01-13 21:43:55', '2026-01-13 21:43:55'),
(559, 48, 1, 2, 'Mei', 2024, '2024-05-07', 200000.00, 'Lunas', '2026-01-13 21:43:55', '2026-01-13 21:43:55'),
(560, 48, 1, 2, 'Juni', 2024, '2024-06-15', 200000.00, 'Lunas', '2026-01-13 21:43:55', '2026-01-13 21:43:55'),
(561, 48, 1, 2, 'Juli', 2024, '2024-07-14', 200000.00, 'Lunas', '2026-01-13 21:43:55', '2026-01-13 21:43:55'),
(562, 48, 1, 2, 'Agustus', 2024, '2024-08-13', 200000.00, 'Lunas', '2026-01-13 21:43:55', '2026-01-13 21:43:55'),
(563, 48, 1, 2, 'September', 2024, '2024-09-21', 200000.00, 'Lunas', '2026-01-13 21:43:55', '2026-01-13 21:43:55'),
(564, 48, 1, 2, 'Oktober', 2024, '2024-10-04', 200000.00, 'Lunas', '2026-01-13 21:43:55', '2026-01-13 21:43:55'),
(565, 48, 1, 2, 'November', 2024, '2024-11-17', 200000.00, 'Lunas', '2026-01-13 21:43:55', '2026-01-13 21:43:55'),
(566, 48, 1, 2, 'Desember', 2024, '2024-12-09', 200000.00, 'Lunas', '2026-01-13 21:43:55', '2026-01-13 21:43:55'),
(567, 49, 1, 2, 'Januari', 2024, '2024-01-13', 200000.00, 'Lunas', '2026-01-13 21:43:55', '2026-01-13 21:43:55'),
(568, 49, 1, 2, 'Februari', 2024, '2024-02-05', 200000.00, 'Lunas', '2026-01-13 21:43:55', '2026-01-13 21:43:55'),
(569, 49, 1, 2, 'Maret', 2024, '2024-03-13', 200000.00, 'Lunas', '2026-01-13 21:43:55', '2026-01-13 21:43:55'),
(570, 49, 1, 2, 'April', 2024, '2024-04-15', 200000.00, 'Lunas', '2026-01-13 21:43:55', '2026-01-13 21:43:55'),
(571, 49, 1, 2, 'Mei', 2024, '2024-05-19', 200000.00, 'Lunas', '2026-01-13 21:43:55', '2026-01-13 21:43:55'),
(572, 49, 1, 2, 'Juni', 2024, '2024-06-03', 200000.00, 'Lunas', '2026-01-13 21:43:55', '2026-01-13 21:43:55'),
(573, 49, 1, 2, 'Juli', 2024, '2024-07-13', 200000.00, 'Lunas', '2026-01-13 21:43:55', '2026-01-13 21:43:55'),
(574, 49, 1, 2, 'Agustus', 2024, '2024-08-07', 200000.00, 'Lunas', '2026-01-13 21:43:55', '2026-01-13 21:43:55'),
(575, 49, 1, 2, 'September', 2024, '2024-09-26', 200000.00, 'Lunas', '2026-01-13 21:43:55', '2026-01-13 21:43:55'),
(576, 49, 1, 2, 'Oktober', 2024, '2024-10-09', 200000.00, 'Lunas', '2026-01-13 21:43:55', '2026-01-13 21:43:55'),
(577, 49, 1, 2, 'November', 2024, '2024-11-17', 200000.00, 'Lunas', '2026-01-13 21:43:55', '2026-01-13 21:43:55'),
(578, 49, 1, 2, 'Desember', 2024, '2024-12-25', 200000.00, 'Lunas', '2026-01-13 21:43:55', '2026-01-13 21:43:55'),
(579, 50, 1, 2, 'Januari', 2024, '2024-01-10', 200000.00, 'Lunas', '2026-01-13 21:43:55', '2026-01-13 21:43:55'),
(580, 50, 1, 2, 'Februari', 2024, '2024-02-08', 200000.00, 'Lunas', '2026-01-13 21:43:55', '2026-01-13 21:43:55'),
(581, 50, 1, 2, 'Maret', 2024, '2024-03-25', 200000.00, 'Lunas', '2026-01-13 21:43:55', '2026-01-13 21:43:55'),
(582, 50, 1, 2, 'April', 2024, '2024-04-19', 200000.00, 'Lunas', '2026-01-13 21:43:55', '2026-01-13 21:43:55'),
(583, 50, 1, 2, 'Mei', 2024, '2024-05-02', 200000.00, 'Lunas', '2026-01-13 21:43:55', '2026-01-13 21:43:55'),
(584, 50, 1, 2, 'Juni', 2024, '2024-06-24', 200000.00, 'Lunas', '2026-01-13 21:43:55', '2026-01-13 21:43:55'),
(585, 50, 1, 2, 'Juli', 2024, '2024-07-16', 200000.00, 'Lunas', '2026-01-13 21:43:55', '2026-01-13 21:43:55'),
(586, 50, 1, 2, 'Agustus', 2024, '2024-08-11', 200000.00, 'Lunas', '2026-01-13 21:43:55', '2026-01-13 21:43:55'),
(587, 50, 1, 2, 'September', 2024, '2024-09-20', 200000.00, 'Lunas', '2026-01-13 21:43:55', '2026-01-13 21:43:55'),
(588, 50, 1, 2, 'Oktober', 2024, '2024-10-04', 200000.00, 'Lunas', '2026-01-13 21:43:55', '2026-01-13 21:43:55'),
(589, 50, 1, 2, 'November', 2024, '2024-11-02', 200000.00, 'Lunas', '2026-01-13 21:43:55', '2026-01-13 21:43:55'),
(590, 50, 1, 2, 'Desember', 2024, '2024-12-05', 200000.00, 'Lunas', '2026-01-13 21:43:55', '2026-01-13 21:43:55'),
(591, 51, 1, 2, 'Januari', 2024, '2024-01-13', 200000.00, 'Lunas', '2026-01-13 21:43:55', '2026-01-13 21:43:55'),
(592, 51, 1, 2, 'Februari', 2024, '2024-02-26', 200000.00, 'Lunas', '2026-01-13 21:43:55', '2026-01-13 21:43:55'),
(593, 51, 1, 2, 'Maret', 2024, '2024-03-09', 200000.00, 'Lunas', '2026-01-13 21:43:55', '2026-01-13 21:43:55'),
(594, 51, 1, 2, 'April', 2024, '2024-04-03', 200000.00, 'Lunas', '2026-01-13 21:43:55', '2026-01-13 21:43:55'),
(595, 51, 1, 2, 'Mei', 2024, '2024-05-08', 200000.00, 'Lunas', '2026-01-13 21:43:55', '2026-01-13 21:43:55'),
(596, 51, 1, 2, 'Juni', 2024, '2024-06-27', 200000.00, 'Lunas', '2026-01-13 21:43:55', '2026-01-13 21:43:55'),
(597, 51, 1, 2, 'Juli', 2024, '2024-07-06', 200000.00, 'Lunas', '2026-01-13 21:43:55', '2026-01-13 21:43:55'),
(598, 51, 1, 2, 'Agustus', 2024, '2024-08-09', 200000.00, 'Lunas', '2026-01-13 21:43:55', '2026-01-13 21:43:55'),
(599, 51, 1, 2, 'September', 2024, '2024-09-27', 200000.00, 'Lunas', '2026-01-13 21:43:55', '2026-01-13 21:43:55'),
(600, 51, 1, 2, 'Oktober', 2024, '2024-10-08', 200000.00, 'Lunas', '2026-01-13 21:43:55', '2026-01-13 21:43:55'),
(601, 51, 1, 2, 'November', 2024, '2024-11-08', 200000.00, 'Lunas', '2026-01-13 21:43:55', '2026-01-13 21:43:55'),
(602, 51, 1, 2, 'Desember', 2024, '2024-12-02', 200000.00, 'Lunas', '2026-01-13 21:43:55', '2026-01-13 21:43:55'),
(603, 1, 2, 2, 'Januari', 2025, '2025-01-10', 250000.00, 'Lunas', '2026-01-13 21:43:55', '2026-01-13 21:43:55'),
(604, 1, 2, 2, 'Februari', 2025, '2025-02-12', 250000.00, 'Lunas', '2026-01-13 21:43:55', '2026-01-13 21:43:55'),
(605, 1, 2, 2, 'Maret', 2025, '2025-03-17', 250000.00, 'Lunas', '2026-01-13 21:43:55', '2026-01-13 21:43:55'),
(606, 1, 2, 2, 'April', 2025, '2025-04-09', 250000.00, 'Lunas', '2026-01-13 21:43:55', '2026-01-13 21:43:55'),
(607, 1, 2, 2, 'Mei', 2025, '2025-05-24', 250000.00, 'Lunas', '2026-01-13 21:43:55', '2026-01-13 21:43:55'),
(608, 1, 2, 2, 'Juni', 2025, '2025-06-13', 250000.00, 'Lunas', '2026-01-13 21:43:55', '2026-01-13 21:43:55'),
(609, 2, 2, 2, 'Januari', 2025, '2025-01-15', 250000.00, 'Lunas', '2026-01-13 21:43:55', '2026-01-13 21:43:55'),
(610, 2, 2, 2, 'Februari', 2025, '2025-02-18', 250000.00, 'Lunas', '2026-01-13 21:43:55', '2026-01-13 21:43:55'),
(611, 2, 2, 2, 'Maret', 2025, '2025-03-12', 250000.00, 'Lunas', '2026-01-13 21:43:55', '2026-01-13 21:43:55'),
(612, 2, 2, 2, 'April', 2025, '2025-04-24', 250000.00, 'Lunas', '2026-01-13 21:43:55', '2026-01-13 21:43:55'),
(613, 2, 2, 2, 'Mei', 2025, '2025-05-26', 250000.00, 'Lunas', '2026-01-13 21:43:55', '2026-01-13 21:43:55'),
(614, 2, 2, 2, 'Juni', 2025, '2025-06-04', 250000.00, 'Lunas', '2026-01-13 21:43:55', '2026-01-13 21:43:55'),
(615, 3, 2, 2, 'Januari', 2025, '2025-01-25', 250000.00, 'Lunas', '2026-01-13 21:43:55', '2026-01-13 21:43:55'),
(616, 3, 2, 2, 'Februari', 2025, '2025-02-28', 250000.00, 'Lunas', '2026-01-13 21:43:55', '2026-01-13 21:43:55'),
(617, 3, 2, 2, 'Maret', 2025, '2025-03-20', 250000.00, 'Lunas', '2026-01-13 21:43:55', '2026-01-13 21:43:55'),
(618, 3, 2, 2, 'April', 2025, '2025-04-22', 250000.00, 'Lunas', '2026-01-13 21:43:55', '2026-01-13 21:43:55'),
(619, 3, 2, 2, 'Mei', 2025, '2025-05-15', 250000.00, 'Lunas', '2026-01-13 21:43:55', '2026-01-13 21:43:55'),
(620, 3, 2, 2, 'Juni', 2025, '2025-06-11', 250000.00, 'Lunas', '2026-01-13 21:43:55', '2026-01-13 21:43:55'),
(621, 4, 2, 2, 'Januari', 2025, '2025-01-01', 250000.00, 'Lunas', '2026-01-13 21:43:55', '2026-01-13 21:43:55'),
(622, 4, 2, 2, 'Februari', 2025, '2025-02-01', 250000.00, 'Lunas', '2026-01-13 21:43:55', '2026-01-13 21:43:55'),
(623, 4, 2, 2, 'Maret', 2025, '2025-03-12', 250000.00, 'Lunas', '2026-01-13 21:43:55', '2026-01-13 21:43:55'),
(624, 4, 2, 2, 'April', 2025, '2025-04-22', 250000.00, 'Lunas', '2026-01-13 21:43:55', '2026-01-13 21:43:55'),
(625, 4, 2, 2, 'Mei', 2025, '2025-05-05', 250000.00, 'Lunas', '2026-01-13 21:43:55', '2026-01-13 21:43:55'),
(626, 4, 2, 2, 'Juni', 2025, '2025-06-24', 250000.00, 'Lunas', '2026-01-13 21:43:55', '2026-01-13 21:43:55'),
(627, 5, 2, 2, 'Januari', 2025, '2025-01-12', 250000.00, 'Lunas', '2026-01-13 21:43:55', '2026-01-13 21:43:55'),
(628, 5, 2, 2, 'Februari', 2025, '2025-02-16', 250000.00, 'Lunas', '2026-01-13 21:43:55', '2026-01-13 21:43:55'),
(629, 5, 2, 2, 'Maret', 2025, '2025-03-17', 250000.00, 'Lunas', '2026-01-13 21:43:55', '2026-01-13 21:43:55'),
(630, 5, 2, 2, 'April', 2025, '2025-04-20', 250000.00, 'Lunas', '2026-01-13 21:43:55', '2026-01-13 21:43:55'),
(631, 5, 2, 2, 'Mei', 2025, '2025-05-05', 250000.00, 'Lunas', '2026-01-13 21:43:55', '2026-01-13 21:43:55'),
(632, 5, 2, 2, 'Juni', 2025, '2025-06-08', 250000.00, 'Lunas', '2026-01-13 21:43:55', '2026-01-13 21:43:55'),
(633, 6, 2, 2, 'Januari', 2025, '2025-01-01', 250000.00, 'Lunas', '2026-01-13 21:43:55', '2026-01-13 21:43:55'),
(634, 6, 2, 2, 'Februari', 2025, '2025-02-19', 250000.00, 'Lunas', '2026-01-13 21:43:55', '2026-01-13 21:43:55'),
(635, 6, 2, 2, 'Maret', 2025, '2025-03-12', 250000.00, 'Lunas', '2026-01-13 21:43:55', '2026-01-13 21:43:55'),
(636, 6, 2, 2, 'April', 2025, '2025-04-11', 250000.00, 'Lunas', '2026-01-13 21:43:55', '2026-01-13 21:43:55'),
(637, 6, 2, 2, 'Mei', 2025, '2025-05-24', 250000.00, 'Lunas', '2026-01-13 21:43:55', '2026-01-13 21:43:55'),
(638, 6, 2, 2, 'Juni', 2025, '2025-06-23', 250000.00, 'Lunas', '2026-01-13 21:43:55', '2026-01-13 21:43:55'),
(639, 7, 2, 2, 'Januari', 2025, '2025-01-17', 250000.00, 'Lunas', '2026-01-13 21:43:55', '2026-01-13 21:43:55'),
(640, 7, 2, 2, 'Februari', 2025, '2025-02-20', 250000.00, 'Lunas', '2026-01-13 21:43:55', '2026-01-13 21:43:55'),
(641, 7, 2, 2, 'Maret', 2025, '2025-03-24', 250000.00, 'Lunas', '2026-01-13 21:43:55', '2026-01-13 21:43:55'),
(642, 7, 2, 2, 'April', 2025, '2025-04-04', 250000.00, 'Lunas', '2026-01-13 21:43:55', '2026-01-13 21:43:55'),
(643, 7, 2, 2, 'Mei', 2025, '2025-05-21', 250000.00, 'Lunas', '2026-01-13 21:43:55', '2026-01-13 21:43:55'),
(644, 7, 2, 2, 'Juni', 2025, '2025-06-14', 250000.00, 'Lunas', '2026-01-13 21:43:55', '2026-01-13 21:43:55'),
(645, 8, 2, 2, 'Januari', 2025, '2025-01-26', 250000.00, 'Lunas', '2026-01-13 21:43:55', '2026-01-13 21:43:55'),
(646, 8, 2, 2, 'Februari', 2025, '2025-02-20', 250000.00, 'Lunas', '2026-01-13 21:43:55', '2026-01-13 21:43:55'),
(647, 8, 2, 2, 'Maret', 2025, '2025-03-17', 250000.00, 'Lunas', '2026-01-13 21:43:55', '2026-01-13 21:43:55'),
(648, 8, 2, 2, 'April', 2025, '2025-04-16', 250000.00, 'Lunas', '2026-01-13 21:43:55', '2026-01-13 21:43:55'),
(649, 8, 2, 2, 'Mei', 2025, '2025-05-16', 250000.00, 'Lunas', '2026-01-13 21:43:55', '2026-01-13 21:43:55'),
(650, 8, 2, 2, 'Juni', 2025, '2025-06-25', 250000.00, 'Lunas', '2026-01-13 21:43:55', '2026-01-13 21:43:55'),
(651, 9, 2, 2, 'Januari', 2025, '2025-01-19', 250000.00, 'Lunas', '2026-01-13 21:43:55', '2026-01-13 21:43:55'),
(652, 9, 2, 2, 'Februari', 2025, '2025-02-04', 250000.00, 'Lunas', '2026-01-13 21:43:55', '2026-01-13 21:43:55'),
(653, 9, 2, 2, 'Maret', 2025, '2025-03-02', 250000.00, 'Lunas', '2026-01-13 21:43:55', '2026-01-13 21:43:55'),
(654, 9, 2, 2, 'April', 2025, '2025-04-02', 250000.00, 'Lunas', '2026-01-13 21:43:55', '2026-01-13 21:43:55'),
(655, 9, 2, 2, 'Mei', 2025, '2025-05-03', 250000.00, 'Lunas', '2026-01-13 21:43:55', '2026-01-13 21:43:55'),
(656, 9, 2, 2, 'Juni', 2025, '2025-06-11', 250000.00, 'Lunas', '2026-01-13 21:43:55', '2026-01-13 21:43:55'),
(657, 10, 2, 2, 'Januari', 2025, '2025-01-07', 250000.00, 'Lunas', '2026-01-13 21:43:55', '2026-01-13 21:43:55'),
(658, 10, 2, 2, 'Februari', 2025, '2025-02-01', 250000.00, 'Lunas', '2026-01-13 21:43:55', '2026-01-13 21:43:55'),
(659, 10, 2, 2, 'Maret', 2025, '2025-03-28', 250000.00, 'Lunas', '2026-01-13 21:43:55', '2026-01-13 21:43:55'),
(660, 10, 2, 2, 'April', 2025, '2025-04-09', 250000.00, 'Lunas', '2026-01-13 21:43:55', '2026-01-13 21:43:55'),
(661, 10, 2, 2, 'Mei', 2025, '2025-05-04', 250000.00, 'Lunas', '2026-01-13 21:43:55', '2026-01-13 21:43:55'),
(662, 10, 2, 2, 'Juni', 2025, '2025-06-02', 250000.00, 'Lunas', '2026-01-13 21:43:55', '2026-01-13 21:43:55'),
(663, 11, 2, 2, 'Januari', 2025, '2025-01-27', 250000.00, 'Lunas', '2026-01-13 21:43:55', '2026-01-13 21:43:55'),
(664, 11, 2, 2, 'Februari', 2025, '2025-02-16', 250000.00, 'Lunas', '2026-01-13 21:43:55', '2026-01-13 21:43:55'),
(665, 11, 2, 2, 'Maret', 2025, '2025-03-16', 250000.00, 'Lunas', '2026-01-13 21:43:55', '2026-01-13 21:43:55'),
(666, 11, 2, 2, 'April', 2025, '2025-04-25', 250000.00, 'Lunas', '2026-01-13 21:43:55', '2026-01-13 21:43:55'),
(667, 11, 2, 2, 'Mei', 2025, '2025-05-15', 250000.00, 'Lunas', '2026-01-13 21:43:55', '2026-01-13 21:43:55'),
(668, 11, 2, 2, 'Juni', 2025, '2025-06-05', 250000.00, 'Lunas', '2026-01-13 21:43:55', '2026-01-13 21:43:55'),
(669, 12, 2, 2, 'Januari', 2025, '2025-01-06', 250000.00, 'Lunas', '2026-01-13 21:43:55', '2026-01-13 21:43:55'),
(670, 12, 2, 2, 'Februari', 2025, '2025-02-04', 250000.00, 'Lunas', '2026-01-13 21:43:55', '2026-01-13 21:43:55'),
(671, 12, 2, 2, 'Maret', 2025, '2025-03-24', 250000.00, 'Lunas', '2026-01-13 21:43:55', '2026-01-13 21:43:55'),
(672, 12, 2, 2, 'April', 2025, '2025-04-11', 250000.00, 'Lunas', '2026-01-13 21:43:55', '2026-01-13 21:43:55'),
(673, 12, 2, 2, 'Mei', 2025, '2025-05-11', 250000.00, 'Lunas', '2026-01-13 21:43:55', '2026-01-13 21:43:55'),
(674, 12, 2, 2, 'Juni', 2025, '2025-06-03', 250000.00, 'Lunas', '2026-01-13 21:43:55', '2026-01-13 21:43:55'),
(675, 13, 2, 2, 'Januari', 2025, '2025-01-14', 250000.00, 'Lunas', '2026-01-13 21:43:55', '2026-01-13 21:43:55'),
(676, 13, 2, 2, 'Februari', 2025, '2025-02-17', 250000.00, 'Lunas', '2026-01-13 21:43:55', '2026-01-13 21:43:55'),
(677, 13, 2, 2, 'Maret', 2025, '2025-03-21', 250000.00, 'Lunas', '2026-01-13 21:43:55', '2026-01-13 21:43:55'),
(678, 13, 2, 2, 'April', 2025, '2025-04-13', 250000.00, 'Lunas', '2026-01-13 21:43:55', '2026-01-13 21:43:55'),
(679, 13, 2, 2, 'Mei', 2025, '2025-05-13', 250000.00, 'Lunas', '2026-01-13 21:43:55', '2026-01-13 21:43:55'),
(680, 13, 2, 2, 'Juni', 2025, '2025-06-11', 250000.00, 'Lunas', '2026-01-13 21:43:55', '2026-01-13 21:43:55'),
(681, 14, 2, 2, 'Januari', 2025, '2025-01-03', 250000.00, 'Lunas', '2026-01-13 21:43:55', '2026-01-13 21:43:55'),
(682, 14, 2, 2, 'Februari', 2025, '2025-02-19', 250000.00, 'Lunas', '2026-01-13 21:43:55', '2026-01-13 21:43:55'),
(683, 14, 2, 2, 'Maret', 2025, '2025-03-16', 250000.00, 'Lunas', '2026-01-13 21:43:55', '2026-01-13 21:43:55'),
(684, 14, 2, 2, 'April', 2025, '2025-04-09', 250000.00, 'Lunas', '2026-01-13 21:43:55', '2026-01-13 21:43:55'),
(685, 14, 2, 2, 'Mei', 2025, '2025-05-11', 250000.00, 'Lunas', '2026-01-13 21:43:55', '2026-01-13 21:43:55'),
(686, 14, 2, 2, 'Juni', 2025, '2025-06-01', 250000.00, 'Lunas', '2026-01-13 21:43:55', '2026-01-13 21:43:55'),
(687, 15, 2, 2, 'Januari', 2025, '2025-01-03', 250000.00, 'Lunas', '2026-01-13 21:43:55', '2026-01-13 21:43:55'),
(688, 15, 2, 2, 'Februari', 2025, '2025-02-11', 250000.00, 'Lunas', '2026-01-13 21:43:55', '2026-01-13 21:43:55'),
(689, 15, 2, 2, 'Maret', 2025, '2025-03-28', 250000.00, 'Lunas', '2026-01-13 21:43:55', '2026-01-13 21:43:55'),
(690, 15, 2, 2, 'April', 2025, '2025-04-04', 250000.00, 'Lunas', '2026-01-13 21:43:55', '2026-01-13 21:43:55'),
(691, 15, 2, 2, 'Mei', 2025, '2025-05-23', 250000.00, 'Lunas', '2026-01-13 21:43:55', '2026-01-13 21:43:55'),
(692, 15, 2, 2, 'Juni', 2025, '2025-06-12', 250000.00, 'Lunas', '2026-01-13 21:43:55', '2026-01-13 21:43:55'),
(693, 16, 2, 2, 'Januari', 2025, '2025-01-25', 250000.00, 'Lunas', '2026-01-13 21:43:55', '2026-01-13 21:43:55'),
(694, 16, 2, 2, 'Februari', 2025, '2025-02-13', 250000.00, 'Lunas', '2026-01-13 21:43:55', '2026-01-13 21:43:55'),
(695, 16, 2, 2, 'Maret', 2025, '2025-03-09', 250000.00, 'Lunas', '2026-01-13 21:43:55', '2026-01-13 21:43:55'),
(696, 16, 2, 2, 'April', 2025, '2025-04-25', 200000.00, 'Belum Lunas', '2026-01-13 21:43:55', '2026-01-13 21:43:55'),
(697, 16, 2, 2, 'Mei', 2025, '2025-05-24', 200000.00, 'Belum Lunas', '2026-01-13 21:43:55', '2026-01-13 21:43:55'),
(698, 16, 2, 2, 'Juni', 2025, '2025-06-21', 200000.00, 'Belum Lunas', '2026-01-13 21:43:55', '2026-01-13 21:43:55'),
(699, 17, 2, 2, 'Januari', 2025, '2025-01-15', 250000.00, 'Lunas', '2026-01-13 21:43:55', '2026-01-13 21:43:55'),
(700, 17, 2, 2, 'Februari', 2025, '2025-02-01', 250000.00, 'Lunas', '2026-01-13 21:43:55', '2026-01-13 21:43:55'),
(701, 17, 2, 2, 'Maret', 2025, '2025-03-02', 250000.00, 'Lunas', '2026-01-13 21:43:55', '2026-01-13 21:43:55'),
(702, 17, 2, 2, 'April', 2025, '2025-04-11', 200000.00, 'Belum Lunas', '2026-01-13 21:43:55', '2026-01-13 21:43:55'),
(703, 17, 2, 2, 'Mei', 2025, '2025-05-23', 200000.00, 'Belum Lunas', '2026-01-13 21:43:55', '2026-01-13 21:43:55'),
(704, 17, 2, 2, 'Juni', 2025, '2025-06-07', 200000.00, 'Belum Lunas', '2026-01-13 21:43:55', '2026-01-13 21:43:55'),
(705, 18, 2, 2, 'Januari', 2025, '2025-01-02', 250000.00, 'Lunas', '2026-01-13 21:43:55', '2026-01-13 21:43:55'),
(706, 18, 2, 2, 'Februari', 2025, '2025-02-07', 250000.00, 'Lunas', '2026-01-13 21:43:55', '2026-01-13 21:43:55'),
(707, 18, 2, 2, 'Maret', 2025, '2025-03-16', 250000.00, 'Lunas', '2026-01-13 21:43:55', '2026-01-13 21:43:55'),
(708, 18, 2, 2, 'April', 2025, '2025-04-20', 200000.00, 'Belum Lunas', '2026-01-13 21:43:55', '2026-01-13 21:43:55'),
(709, 18, 2, 2, 'Mei', 2025, '2025-05-22', 200000.00, 'Belum Lunas', '2026-01-13 21:43:55', '2026-01-13 21:43:55'),
(710, 18, 2, 2, 'Juni', 2025, '2025-06-15', 200000.00, 'Belum Lunas', '2026-01-13 21:43:55', '2026-01-13 21:43:55'),
(711, 19, 2, 2, 'Januari', 2025, '2025-01-17', 250000.00, 'Lunas', '2026-01-13 21:43:55', '2026-01-13 21:43:55'),
(712, 19, 2, 2, 'Februari', 2025, '2025-02-03', 250000.00, 'Lunas', '2026-01-13 21:43:55', '2026-01-13 21:43:55'),
(713, 19, 2, 2, 'Maret', 2025, '2025-03-02', 250000.00, 'Lunas', '2026-01-13 21:43:55', '2026-01-13 21:43:55'),
(714, 19, 2, 2, 'April', 2025, '2025-04-17', 200000.00, 'Belum Lunas', '2026-01-13 21:43:55', '2026-01-13 21:43:55'),
(715, 19, 2, 2, 'Mei', 2025, '2025-05-26', 200000.00, 'Belum Lunas', '2026-01-13 21:43:55', '2026-01-13 21:43:55'),
(716, 19, 2, 2, 'Juni', 2025, '2025-06-18', 200000.00, 'Belum Lunas', '2026-01-13 21:43:55', '2026-01-13 21:43:55'),
(717, 20, 2, 2, 'Januari', 2025, '2025-01-25', 250000.00, 'Lunas', '2026-01-13 21:43:55', '2026-01-13 21:43:55'),
(718, 20, 2, 2, 'Februari', 2025, '2025-02-04', 250000.00, 'Lunas', '2026-01-13 21:43:55', '2026-01-13 21:43:55'),
(719, 20, 2, 2, 'Maret', 2025, '2025-03-16', 250000.00, 'Lunas', '2026-01-13 21:43:55', '2026-01-13 21:43:55'),
(720, 20, 2, 2, 'April', 2025, '2025-04-08', 200000.00, 'Belum Lunas', '2026-01-13 21:43:55', '2026-01-13 21:43:55'),
(721, 20, 2, 2, 'Mei', 2025, '2025-05-11', 200000.00, 'Belum Lunas', '2026-01-13 21:43:55', '2026-01-13 21:43:55'),
(722, 20, 2, 2, 'Juni', 2025, '2025-06-09', 200000.00, 'Belum Lunas', '2026-01-13 21:43:55', '2026-01-13 21:43:55'),
(723, 21, 2, 2, 'Januari', 2025, '2025-01-15', 250000.00, 'Lunas', '2026-01-13 21:43:55', '2026-01-13 21:43:55'),
(724, 21, 2, 2, 'Februari', 2025, '2025-02-17', 250000.00, 'Lunas', '2026-01-13 21:43:55', '2026-01-13 21:43:55'),
(725, 21, 2, 2, 'Maret', 2025, '2025-03-20', 250000.00, 'Lunas', '2026-01-13 21:43:55', '2026-01-13 21:43:55'),
(726, 21, 2, 2, 'April', 2025, '2025-04-19', 250000.00, 'Lunas', '2026-01-13 21:43:55', '2026-01-13 21:43:55'),
(727, 22, 2, 2, 'Januari', 2025, '2025-01-08', 250000.00, 'Lunas', '2026-01-13 21:43:55', '2026-01-13 21:43:55'),
(728, 22, 2, 2, 'Februari', 2025, '2025-02-21', 250000.00, 'Lunas', '2026-01-13 21:43:55', '2026-01-13 21:43:55'),
(729, 22, 2, 2, 'Maret', 2025, '2025-03-24', 250000.00, 'Lunas', '2026-01-13 21:43:55', '2026-01-13 21:43:55'),
(730, 22, 2, 2, 'April', 2025, '2025-04-11', 250000.00, 'Lunas', '2026-01-13 21:43:56', '2026-01-13 21:43:56'),
(731, 23, 2, 2, 'Januari', 2025, '2025-01-18', 250000.00, 'Lunas', '2026-01-13 21:43:56', '2026-01-13 21:43:56'),
(732, 23, 2, 2, 'Februari', 2025, '2025-02-14', 250000.00, 'Lunas', '2026-01-13 21:43:56', '2026-01-13 21:43:56'),
(733, 23, 2, 2, 'Maret', 2025, '2025-03-11', 250000.00, 'Lunas', '2026-01-13 21:43:56', '2026-01-13 21:43:56'),
(734, 23, 2, 2, 'April', 2025, '2025-04-11', 250000.00, 'Lunas', '2026-01-13 21:43:56', '2026-01-13 21:43:56'),
(735, 24, 2, 2, 'Januari', 2025, '2025-01-10', 250000.00, 'Lunas', '2026-01-13 21:43:56', '2026-01-13 21:43:56'),
(736, 24, 2, 2, 'Februari', 2025, '2025-02-08', 250000.00, 'Lunas', '2026-01-13 21:43:56', '2026-01-13 21:43:56'),
(737, 24, 2, 2, 'Maret', 2025, '2025-03-16', 250000.00, 'Lunas', '2026-01-13 21:43:56', '2026-01-13 21:43:56'),
(738, 24, 2, 2, 'April', 2025, '2025-04-13', 250000.00, 'Lunas', '2026-01-13 21:43:56', '2026-01-13 21:43:56'),
(739, 25, 2, 2, 'Januari', 2025, '2025-01-08', 250000.00, 'Lunas', '2026-01-13 21:43:56', '2026-01-13 21:43:56'),
(740, 25, 2, 2, 'Februari', 2025, '2025-02-15', 250000.00, 'Lunas', '2026-01-13 21:43:56', '2026-01-13 21:43:56'),
(741, 25, 2, 2, 'Maret', 2025, '2025-03-27', 250000.00, 'Lunas', '2026-01-13 21:43:56', '2026-01-13 21:43:56'),
(742, 25, 2, 2, 'April', 2025, '2025-04-09', 250000.00, 'Lunas', '2026-01-13 21:43:56', '2026-01-13 21:43:56'),
(743, 52, 2, 1, 'Januari', 2026, '2026-01-14', 25000.00, 'Belum Lunas', '2026-01-13 21:47:27', '2026-01-13 21:47:27'),
(744, 52, 3, 2, 'Februari', 2026, '2026-01-14', 200000.00, 'Lunas', '2026-01-13 21:48:29', '2026-01-13 21:48:29'),
(745, 52, 2, 1, 'Mei', 2026, '2026-01-14', 250000.00, 'Lunas', '2026-01-13 23:38:24', '2026-01-13 23:38:24'),
(746, 52, 1, 1, 'Agustus', 2026, '2026-01-14', 200000.00, 'Lunas', '2026-01-13 23:41:57', '2026-01-13 23:41:57'),
(747, 52, 1, 2, 'Mei', 2026, '2026-01-14', 200000.00, 'Lunas', '2026-01-13 23:43:40', '2026-01-13 23:43:40'),
(748, 52, 2, 1, 'September', 2026, '2026-01-14', 200000.00, 'Belum Lunas', '2026-01-13 23:46:22', '2026-01-13 23:46:22'),
(749, 52, 2, 1, 'Januari', 2026, '2026-01-15', 200000.00, 'Belum Lunas', '2026-01-14 20:39:33', '2026-01-14 20:39:33'),
(750, 52, 3, 1, 'Maret', 2026, '2026-01-15', 200000.00, 'Lunas', '2026-01-14 20:41:18', '2026-01-14 20:41:18'),
(751, 52, 3, 6, 'November', 2026, '2026-01-19', 200000.00, 'Lunas', '2026-01-18 18:04:49', '2026-01-18 18:04:49'),
(752, 52, 3, 6, 'April', 2026, '2026-01-19', 200000.00, 'Lunas', '2026-01-18 18:24:12', '2026-01-18 18:24:12'),
(753, 53, 3, 1, 'Januari', 2026, '2026-01-19', 200000.00, 'Lunas', '2026-01-18 19:42:10', '2026-01-18 19:42:10'),
(754, 53, 3, 8, 'Februari', 2026, '2026-01-19', 200000.00, 'Lunas', '2026-01-18 19:48:15', '2026-01-18 19:48:15'),
(755, 54, 3, 1, 'Januari', 2026, '2026-01-19', 200000.00, 'Lunas', '2026-01-18 19:55:03', '2026-01-18 19:55:03'),
(756, 54, 3, 9, 'Februari', 2026, '2026-01-19', 200000.00, 'Lunas', '2026-01-18 19:58:55', '2026-01-18 19:58:55'),
(757, 1, 2, 1, 'JAN', 2025, '2026-01-19', 150000.00, 'Belum Lunas', '2026-01-18 22:53:58', '2026-01-18 22:53:58'),
(758, 1, 2, 1, 'JAN', 2025, '2026-01-19', 150000.00, 'Belum Lunas', '2026-01-18 22:54:06', '2026-01-18 22:54:06'),
(759, 2, 2, 1, 'JAN', 2025, '2026-01-19', 150000.00, 'Belum Lunas', '2026-01-18 22:54:15', '2026-01-18 22:54:15'),
(760, 6, 2, 1, 'JAN', 2025, '2026-01-19', 150000.00, 'Belum Lunas', '2026-01-18 23:01:15', '2026-01-18 23:01:15'),
(761, 1, 2, 1, 'JAN', 2025, '2026-01-19', 150000.00, 'Belum Lunas', '2026-01-18 23:06:33', '2026-01-18 23:06:33'),
(762, 1, 3, 1, 'MAR', 2026, '2026-01-19', 150002.00, 'Belum Lunas', '2026-01-19 00:19:39', '2026-01-19 00:19:39'),
(763, 11, 2, 1, 'JAN', 2025, '2026-01-19', 150000.00, 'Belum Lunas', '2026-01-19 00:32:51', '2026-01-19 00:32:51');

-- --------------------------------------------------------

--
-- Table structure for table `sessions`
--

CREATE TABLE `sessions` (
  `id` varchar(255) COLLATE utf8mb4_unicode_ci NOT NULL,
  `user_id` bigint UNSIGNED DEFAULT NULL,
  `ip_address` varchar(45) COLLATE utf8mb4_unicode_ci DEFAULT NULL,
  `user_agent` text COLLATE utf8mb4_unicode_ci,
  `payload` longtext COLLATE utf8mb4_unicode_ci NOT NULL,
  `last_activity` int NOT NULL
) ENGINE=InnoDB DEFAULT CHARSET=utf8mb4 COLLATE=utf8mb4_unicode_ci;

--
-- Dumping data for table `sessions`
--

INSERT INTO `sessions` (`id`, `user_id`, `ip_address`, `user_agent`, `payload`, `last_activity`) VALUES
('9g8pblx9vF11jJt8mclwV0HTKATAIeOktVenjShY', 8, '127.0.0.1', 'Mozilla/5.0 (Windows NT 10.0; Win64; x64) AppleWebKit/537.36 (KHTML, like Gecko) Chrome/144.0.0.0 Safari/537.36 Edg/144.0.0.0', 'YTo0OntzOjY6Il90b2tlbiI7czo0MDoiVzhuSTBpbHB2TlFIOW5EQ2hZa3hkRDF5cFZlbHI1dW91ZDZRbTBiUSI7czo2OiJfZmxhc2giO2E6Mjp7czozOiJvbGQiO2E6MDp7fXM6MzoibmV3IjthOjA6e319czo5OiJfcHJldmlvdXMiO2E6Mjp7czozOiJ1cmwiO3M6MjE6Imh0dHA6Ly8xMjcuMC4wLjE6ODAwMCI7czo1OiJyb3V0ZSI7Tjt9czo1MDoibG9naW5fd2ViXzU5YmEzNmFkZGMyYjJmOTQwMTU4MGYwMTRjN2Y1OGVhNGUzMDk4OWQiO2k6ODt9', 1768822312),
('dgjnxEpXqs3L7i16uEzcOcVuIWh2KC9yI4WJ7FFz', 1, '127.0.0.1', 'Mozilla/5.0 (Windows NT 10.0; Win64; x64) AppleWebKit/537.36 (KHTML, like Gecko) Chrome/144.0.0.0 Safari/537.36 Edg/144.0.0.0', 'YTo0OntzOjY6Il90b2tlbiI7czo0MDoicjBiWkxBaEpEUkdQdEpRNVV6eTBWa1pad3JZcmt1SjdUQ0wyeDVMOSI7czo5OiJfcHJldmlvdXMiO2E6Mjp7czozOiJ1cmwiO3M6Mzc6Imh0dHA6Ly8xMjcuMC4wLjE6ODAwMC9hZG1pbi9kYXNoYm9hcmQiO3M6NToicm91dGUiO3M6MTU6ImFkbWluLmRhc2hib2FyZCI7fXM6NjoiX2ZsYXNoIjthOjI6e3M6Mzoib2xkIjthOjA6e31zOjM6Im5ldyI7YTowOnt9fXM6NTA6ImxvZ2luX3dlYl81OWJhMzZhZGRjMmIyZjk0MDE1ODBmMDE0YzdmNThlYTRlMzA5ODlkIjtpOjE7fQ==', 1768825542),
('i87Of7zOSaTJcgaAlCMI2qP6bZpj96iXL27YmHUr', 1, '127.0.0.1', 'Mozilla/5.0 (Windows NT 10.0; Win64; x64) AppleWebKit/537.36 (KHTML, like Gecko) Chrome/144.0.0.0 Safari/537.36 Edg/144.0.0.0', 'YTo0OntzOjY6Il90b2tlbiI7czo0MDoid0FHM1RTNGtmUW9maDNqSDE3T05yb0pQY01xVzhLUzEwSlV2SWlzTiI7czo5OiJfcHJldmlvdXMiO2E6Mjp7czozOiJ1cmwiO3M6MjE6Imh0dHA6Ly8xMjcuMC4wLjE6ODAwMCI7czo1OiJyb3V0ZSI7Tjt9czo2OiJfZmxhc2giO2E6Mjp7czozOiJvbGQiO2E6MDp7fXM6MzoibmV3IjthOjA6e319czo1MDoibG9naW5fd2ViXzU5YmEzNmFkZGMyYjJmOTQwMTU4MGYwMTRjN2Y1OGVhNGUzMDk4OWQiO2k6MTt9', 1768822763),
('PW4SydJP0un6bCiaeHFSrqUGIqW9Giw1qjdPtW8A', 1, '127.0.0.1', 'Mozilla/5.0 (Windows NT 10.0; Win64; x64) AppleWebKit/537.36 (KHTML, like Gecko) Chrome/144.0.0.0 Safari/537.36 Edg/144.0.0.0', 'YTo0OntzOjY6Il90b2tlbiI7czo0MDoiMkgzWnRJeTFac3U3U0Q0UnlJdXB2QVNXOFlPcmZKN09pRTVCZGMxYyI7czo5OiJfcHJldmlvdXMiO2E6Mjp7czozOiJ1cmwiO3M6MjE6Imh0dHA6Ly8xMjcuMC4wLjE6ODAwMCI7czo1OiJyb3V0ZSI7Tjt9czo2OiJfZmxhc2giO2E6Mjp7czozOiJvbGQiO2E6MDp7fXM6MzoibmV3IjthOjA6e319czo1MDoibG9naW5fd2ViXzU5YmEzNmFkZGMyYjJmOTQwMTU4MGYwMTRjN2Y1OGVhNGUzMDk4OWQiO2k6MTt9', 1768823161);

-- --------------------------------------------------------

--
-- Table structure for table `siswa`
--

CREATE TABLE `siswa` (
  `id` bigint UNSIGNED NOT NULL,
  `id_kelas` bigint UNSIGNED NOT NULL,
  `id_user` bigint UNSIGNED DEFAULT NULL,
  `nisn` varchar(255) COLLATE utf8mb4_unicode_ci NOT NULL,
  `nama` varchar(255) COLLATE utf8mb4_unicode_ci NOT NULL,
  `alamat` text COLLATE utf8mb4_unicode_ci,
  `created_at` timestamp NULL DEFAULT NULL,
  `updated_at` timestamp NULL DEFAULT NULL
) ENGINE=InnoDB DEFAULT CHARSET=utf8mb4 COLLATE=utf8mb4_unicode_ci;

--
-- Dumping data for table `siswa`
--

INSERT INTO `siswa` (`id`, `id_kelas`, `id_user`, `nisn`, `nama`, `alamat`, `created_at`, `updated_at`) VALUES
(1, 1, NULL, '2346596917', 'Nathaniel Kshlerin', '2630 Kevin Street\nChynaview, IA 05810-7113', '2026-01-13 21:43:52', '2026-01-13 21:43:52'),
(2, 1, NULL, '2075181645', 'Prof. Delbert Borer', '94231 Spinka Radial Suite 125\nO\'Connellland, CO 95080-9548', '2026-01-13 21:43:52', '2026-01-13 21:43:52'),
(3, 1, NULL, '0377366686', 'Dr. Sigmund Konopelski II', '1431 Kautzer Mill Suite 215\nTerrytown, ME 49878', '2026-01-13 21:43:52', '2026-01-13 21:43:52'),
(4, 1, NULL, '7309707414', 'Bill Pagac II', '6102 Monahan Parks Suite 150\nCollierport, WV 90156', '2026-01-13 21:43:52', '2026-01-13 21:43:52'),
(5, 2, NULL, '2855767890', 'Mr. Ayden Wolff DDS', '441 Lang Avenue Apt. 519\nLake Emmanuel, WI 53095-4586', '2026-01-13 21:43:52', '2026-01-13 21:43:52'),
(6, 2, NULL, '0384631023', 'Edgar Kassulke', '580 Catalina Creek Apt. 752\nKundeview, KS 58407', '2026-01-13 21:43:52', '2026-01-13 21:43:52'),
(7, 2, NULL, '5609123805', 'Miss Micaela Durgan', '6195 Runolfsdottir Glen\nNew Autumn, FL 54538-1922', '2026-01-13 21:43:52', '2026-01-13 21:43:52'),
(8, 2, NULL, '0073163025', 'Diego Waelchi Jr.', '7156 Maiya Loaf\nWehnerchester, MN 30306', '2026-01-13 21:43:52', '2026-01-13 21:43:52'),
(9, 3, NULL, '0079320821', 'Mrs. Lauriane Bauch I', '7617 Windler Village Apt. 444\nPort Nolaside, CA 66795-4676', '2026-01-13 21:43:52', '2026-01-13 21:43:52'),
(10, 3, NULL, '2704201597', 'Bell Wisoky', '977 Johnny Trail Suite 661\nNikomouth, ND 66517-2376', '2026-01-13 21:43:52', '2026-01-13 21:43:52'),
(11, 3, NULL, '7109275960', 'Prof. Orlo Koepp II', '8644 Rutherford Corners Suite 465\nEast Maynard, MI 22876', '2026-01-13 21:43:52', '2026-01-13 21:43:52'),
(12, 3, NULL, '0688738852', 'Mr. Izaiah Ruecker MD', '1251 Dillon Center Apt. 708\nVeldatown, MD 51265-0748', '2026-01-13 21:43:52', '2026-01-13 21:43:52'),
(13, 4, NULL, '8470835227', 'Odell Weimann', '13341 Casper Loaf\nEast Candido, SD 17912-5513', '2026-01-13 21:43:52', '2026-01-13 21:43:52'),
(14, 4, NULL, '6755406932', 'Everett Wilkinson', '2596 Selena Rest Apt. 010\nSwaniawskihaven, ME 29664', '2026-01-13 21:43:52', '2026-01-13 21:43:52'),
(15, 4, NULL, '0313691795', 'Mr. Laverne McKenzie Sr.', '736 Virginia Extension Suite 772\nWest Nicoleside, NM 11026-1891', '2026-01-13 21:43:52', '2026-01-13 21:43:52'),
(16, 5, NULL, '4895626018', 'Dorthy Hirthe', '5240 Catharine Trace Apt. 496\nNaderfort, FL 80957', '2026-01-13 21:43:52', '2026-01-13 21:43:52'),
(17, 5, NULL, '3707692788', 'Miss Lilliana Hilpert V', '117 Kutch Causeway Apt. 697\nKrystelhaven, AK 53940', '2026-01-13 21:43:52', '2026-01-13 21:43:52'),
(18, 5, NULL, '3817513938', 'Olin Crona', '4434 Greenholt Lock\nHesselchester, MS 25897', '2026-01-13 21:43:52', '2026-01-13 21:43:52'),
(19, 6, NULL, '4001579504', 'Jacky Gleichner', '5867 Rebekah Radial Apt. 368\nDonnellyview, MN 63137-7322', '2026-01-13 21:43:52', '2026-01-13 21:43:52'),
(20, 6, NULL, '4826503043', 'Casimir Legros', '72820 Brennon Court Apt. 162\nLake Angie, ND 08300', '2026-01-13 21:43:52', '2026-01-13 21:43:52'),
(21, 6, NULL, '1378885678', 'Mrs. Selena Wilkinson', '671 Schowalter Turnpike\nJaskolskiburgh, OR 67892-3937', '2026-01-13 21:43:52', '2026-01-13 21:43:52'),
(22, 7, NULL, '4716153870', 'Ignatius Collier V', '641 Rowe Plains\nRevamouth, GA 44066', '2026-01-13 21:43:52', '2026-01-13 21:43:52'),
(23, 7, NULL, '8271435931', 'Isaiah O\'Kon Sr.', '958 Walsh Port\nPort Otha, UT 39949-1764', '2026-01-13 21:43:52', '2026-01-13 21:43:52'),
(24, 7, NULL, '1005195359', 'Jacey Buckridge', '2272 Roger Point\nSouth Lonzohaven, KS 07030', '2026-01-13 21:43:52', '2026-01-13 21:43:52'),
(25, 8, NULL, '5501553198', 'Ruthie Roob', '86467 Brown Bypass Suite 890\nJulesview, SD 52801-0579', '2026-01-13 21:43:52', '2026-01-13 21:43:52'),
(26, 8, NULL, '3649264943', 'Alfred Cruickshank', '18924 Barton Greens\nLubowitzstad, MO 79192-2708', '2026-01-13 21:43:52', '2026-01-13 21:43:52'),
(27, 8, NULL, '3399386775', 'Jackeline Mraz', '2655 Lindgren Run Apt. 746\nHesselport, CT 89659-7525', '2026-01-13 21:43:52', '2026-01-13 21:43:52'),
(28, 8, NULL, '5970217773', 'Arvid Boyer', '915 Halie Inlet Suite 319\nNorth Anika, MO 92272', '2026-01-13 21:43:52', '2026-01-13 21:43:52'),
(29, 9, NULL, '0680245980', 'Dr. Carlotta Bode I', '4681 Linwood Springs Apt. 429\nRippinland, RI 55047', '2026-01-13 21:43:52', '2026-01-13 21:43:52'),
(30, 9, NULL, '3406758152', 'Bianka VonRueden', '4688 Jaskolski Summit\nLake Lewisberg, TN 70906-7803', '2026-01-13 21:43:52', '2026-01-13 21:43:52'),
(31, 9, NULL, '1841437634', 'Laverne Hickle', '25985 Ted Corner\nDovieview, NE 96699', '2026-01-13 21:43:52', '2026-01-13 21:43:52'),
(32, 10, NULL, '7949386948', 'Dr. Marty Kessler II', '4551 Klocko Fall\nDorianside, DC 03930-2800', '2026-01-13 21:43:52', '2026-01-13 21:43:52'),
(33, 10, NULL, '3759691981', 'Richard Kautzer', '5596 Schultz Trafficway Suite 718\nRathmouth, IA 25864', '2026-01-13 21:43:52', '2026-01-13 21:43:52'),
(34, 10, NULL, '5386600898', 'Kendall Lakin Jr.', '363 Ike Rest Apt. 059\nLake Alvahmouth, TX 48929-6259', '2026-01-13 21:43:52', '2026-01-13 21:43:52'),
(35, 10, NULL, '7942240046', 'Mrs. Eldora Reilly', '96434 Rice Ports\nBlockstad, AK 36477-4539', '2026-01-13 21:43:52', '2026-01-13 21:43:52'),
(36, 11, NULL, '8589680667', 'Miss Kitty Berge PhD', '2786 Tomasa Valley\nAdrientown, UT 63873', '2026-01-13 21:43:52', '2026-01-13 21:43:52'),
(37, 11, NULL, '0054330690', 'Ms. Raquel Auer PhD', '269 Glover Land Suite 511\nEast Aiyana, TN 56945', '2026-01-13 21:43:52', '2026-01-13 21:43:52'),
(38, 11, NULL, '6526101787', 'Kavon Wisozk', '7787 Wolff Heights Apt. 987\nWest Aron, VT 36690', '2026-01-13 21:43:52', '2026-01-13 21:43:52'),
(39, 12, NULL, '8353984032', 'Ruby Cassin', '2178 Walter Plains Suite 269\nSouth Mollyborough, FL 77376-1441', '2026-01-13 21:43:52', '2026-01-13 21:43:52'),
(40, 12, NULL, '0949301982', 'Ada Will', '59310 Emilie Rue Suite 423\nSouth Thaliafurt, WI 83845', '2026-01-13 21:43:52', '2026-01-13 21:43:52'),
(41, 12, NULL, '5081460058', 'Prof. Preston Lemke PhD', '147 Glover Manor Suite 489\nMoorehaven, UT 39936', '2026-01-13 21:43:52', '2026-01-13 21:43:52'),
(42, 13, NULL, '3359500573', 'Mr. Kurt Muller DDS', '89929 Vanessa Wells Apt. 625\nCamillemouth, UT 22482-7202', '2026-01-13 21:43:52', '2026-01-13 21:43:52'),
(43, 13, NULL, '7422265097', 'Hollie Mueller', '8504 Kertzmann Skyway\nKelliestad, CO 30942', '2026-01-13 21:43:52', '2026-01-13 21:43:52'),
(44, 13, NULL, '7906797731', 'Roscoe Metz', '55152 Bechtelar Street\nFlatleyburgh, OK 11364', '2026-01-13 21:43:52', '2026-01-13 21:43:52'),
(45, 13, NULL, '0816086322', 'Adell Casper DVM', '8589 Jerod Spur Suite 342\nPort Dellport, OR 51158', '2026-01-13 21:43:52', '2026-01-13 21:43:52'),
(46, 14, NULL, '5260601199', 'Roman Kessler I', '17728 Greenholt Terrace\nClemensshire, MA 03060-9023', '2026-01-13 21:43:52', '2026-01-13 21:43:52'),
(47, 14, NULL, '1283346587', 'Ms. Kelly Purdy DDS', '86085 Tamia Tunnel\nLake Tadborough, NM 95478-1534', '2026-01-13 21:43:52', '2026-01-13 21:43:52'),
(48, 14, NULL, '3514955802', 'Hardy Graham', '335 Reilly Port\nWest Jacquestown, AR 87854', '2026-01-13 21:43:52', '2026-01-13 21:43:52'),
(49, 15, NULL, '8873079505', 'Mr. Brandt Balistreri Jr.', '2107 Nikko Locks\nMadiefurt, ID 42703', '2026-01-13 21:43:52', '2026-01-13 21:43:52'),
(50, 15, NULL, '8902332562', 'Dr. Rod Rosenbaum DVM', '8626 Parker Center Suite 099\nPort Philipside, SD 58422', '2026-01-13 21:43:52', '2026-01-13 21:43:52'),
(51, 15, NULL, '5519309391', 'Alvah Schinner II', '892 Magdalen Haven Apt. 459\nMarcshire, MA 36562', '2026-01-13 21:43:52', '2026-01-13 21:43:52'),
(52, 12, 6, '3234234232', 'adelia cantik banget', 'surodinawan', '2026-01-13 21:46:14', '2026-01-18 17:58:07'),
(53, 12, 8, '1717171706', 'Jihan Salma Baik Hati', 'GBC', '2026-01-18 19:41:31', '2026-01-18 19:47:33'),
(54, 12, 9, '2323232323', 'Vika Anjani', 'Sasap', '2026-01-18 19:54:37', '2026-01-18 19:58:30');

-- --------------------------------------------------------

--
-- Table structure for table `spp`
--

CREATE TABLE `spp` (
  `id` bigint UNSIGNED NOT NULL,
  `tahun` int NOT NULL,
  `nominal` decimal(10,2) NOT NULL,
  `created_at` timestamp NULL DEFAULT NULL,
  `updated_at` timestamp NULL DEFAULT NULL
) ENGINE=InnoDB DEFAULT CHARSET=utf8mb4 COLLATE=utf8mb4_unicode_ci;

--
-- Dumping data for table `spp`
--

INSERT INTO `spp` (`id`, `tahun`, `nominal`, `created_at`, `updated_at`) VALUES
(1, 2024, 200000.00, '2026-01-13 21:43:52', '2026-01-13 21:43:52'),
(2, 2025, 200000.00, '2026-01-13 21:43:52', '2026-01-19 00:25:30'),
(3, 2026, 200000.00, '2026-01-13 21:43:52', '2026-01-13 21:43:52');

-- --------------------------------------------------------

--
-- Table structure for table `users`
--

CREATE TABLE `users` (
  `id` bigint UNSIGNED NOT NULL,
  `username` varchar(255) COLLATE utf8mb4_unicode_ci NOT NULL,
  `email` varchar(255) COLLATE utf8mb4_unicode_ci NOT NULL,
  `email_verified_at` timestamp NULL DEFAULT NULL,
  `password` varchar(255) COLLATE utf8mb4_unicode_ci NOT NULL,
  `role` enum('admin','petugas','user') COLLATE utf8mb4_unicode_ci NOT NULL DEFAULT 'user',
  `remember_token` varchar(100) COLLATE utf8mb4_unicode_ci DEFAULT NULL,
  `created_at` timestamp NULL DEFAULT NULL,
  `updated_at` timestamp NULL DEFAULT NULL
) ENGINE=InnoDB DEFAULT CHARSET=utf8mb4 COLLATE=utf8mb4_unicode_ci;

--
-- Dumping data for table `users`
--

INSERT INTO `users` (`id`, `username`, `email`, `email_verified_at`, `password`, `role`, `remember_token`, `created_at`, `updated_at`) VALUES
(1, 'Admin', 'admin@gmail.com', '2026-01-13 21:43:51', '$2y$12$JkMZ8woNm5HKCNRgboM7bO2AOaYfOPRxZF4HVjHmF6YTVE7WqSLQq', 'admin', '3I5ynBYAuFbO4TB0pB1B34ugx6MTfDSx8iAhEpJVSb1VJNGVZvOeiwfPBlEA', '2026-01-13 21:43:52', '2026-01-13 21:43:52'),
(2, 'User', 'user@gmail.com', '2026-01-13 21:43:52', '$2y$12$kTcNugaRBeaZ4zrIR5xzo.UM7Qa2K5CXVOrGzQ.02CgmITuccN3XC', 'petugas', 'hvSdViRKLM5ROPOLK4kH7Se3U1aH32gFDGVyPqK9rLncOrt8RgaywG1VDZvQ', '2026-01-13 21:43:52', '2026-01-13 21:43:52'),
(6, 'dhama', 'dhama@gmail.com', NULL, '$2y$12$nvSxrKdf7XMSN02SygNWAeEk5EX/FrndZGxXTiUlEaJSD1KlIpYnO', 'user', NULL, '2026-01-17 10:40:11', '2026-01-17 10:40:11'),
(7, 'adelia cantik', 'adelia@gmail.com', NULL, '$2y$12$CNjAmvP1u6rUSlZWedTXS.2ggWwyr/duTWEu1Ucu8I7Imv///kxnq', 'user', NULL, '2026-01-18 19:30:22', '2026-01-18 19:30:22'),
(8, 'Jihan Salma Baik Hati', 'jihan@gmail.com', NULL, '$2y$12$HdF5elH5QGagR1qT29YxiedpzqT1XJNLAQYshU5IwkTm6IycUIkze', 'user', NULL, '2026-01-18 19:43:39', '2026-01-18 19:43:39'),
(9, 'Vika Anjani', 'vika@gmail.com', NULL, '$2y$12$mrS1Xq4orRJ1Ph84H3Xvg.0AxKI7B9BdnY1exMji72RuRkqUAgSnO', 'user', NULL, '2026-01-18 19:58:20', '2026-01-18 19:58:20');

--
-- Indexes for dumped tables
--

--
-- Indexes for table `cache`
--
ALTER TABLE `cache`
  ADD PRIMARY KEY (`key`);

--
-- Indexes for table `cache_locks`
--
ALTER TABLE `cache_locks`
  ADD PRIMARY KEY (`key`);

--
-- Indexes for table `failed_jobs`
--
ALTER TABLE `failed_jobs`
  ADD PRIMARY KEY (`id`),
  ADD UNIQUE KEY `failed_jobs_uuid_unique` (`uuid`);

--
-- Indexes for table `jobs`
--
ALTER TABLE `jobs`
  ADD PRIMARY KEY (`id`),
  ADD KEY `jobs_queue_index` (`queue`);

--
-- Indexes for table `job_batches`
--
ALTER TABLE `job_batches`
  ADD PRIMARY KEY (`id`);

--
-- Indexes for table `kelas`
--
ALTER TABLE `kelas`
  ADD PRIMARY KEY (`id`);

--
-- Indexes for table `migrations`
--
ALTER TABLE `migrations`
  ADD PRIMARY KEY (`id`);

--
-- Indexes for table `password_reset_tokens`
--
ALTER TABLE `password_reset_tokens`
  ADD PRIMARY KEY (`email`);

--
-- Indexes for table `pembayaran`
--
ALTER TABLE `pembayaran`
  ADD PRIMARY KEY (`id`),
  ADD KEY `pembayaran_id_siswa_foreign` (`id_siswa`),
  ADD KEY `pembayaran_id_spp_foreign` (`id_spp`),
  ADD KEY `pembayaran_id_petugas_foreign` (`id_petugas`);

--
-- Indexes for table `sessions`
--
ALTER TABLE `sessions`
  ADD PRIMARY KEY (`id`),
  ADD KEY `sessions_user_id_index` (`user_id`),
  ADD KEY `sessions_last_activity_index` (`last_activity`);

--
-- Indexes for table `siswa`
--
ALTER TABLE `siswa`
  ADD PRIMARY KEY (`id`),
  ADD UNIQUE KEY `siswa_nisn_unique` (`nisn`),
  ADD KEY `siswa_id_kelas_foreign` (`id_kelas`),
  ADD KEY `siswa_id_user_foreign` (`id_user`);

--
-- Indexes for table `spp`
--
ALTER TABLE `spp`
  ADD PRIMARY KEY (`id`);

--
-- Indexes for table `users`
--
ALTER TABLE `users`
  ADD PRIMARY KEY (`id`),
  ADD UNIQUE KEY `users_email_unique` (`email`);

--
-- AUTO_INCREMENT for dumped tables
--

--
-- AUTO_INCREMENT for table `failed_jobs`
--
ALTER TABLE `failed_jobs`
  MODIFY `id` bigint UNSIGNED NOT NULL AUTO_INCREMENT;

--
-- AUTO_INCREMENT for table `jobs`
--
ALTER TABLE `jobs`
  MODIFY `id` bigint UNSIGNED NOT NULL AUTO_INCREMENT;

--
-- AUTO_INCREMENT for table `kelas`
--
ALTER TABLE `kelas`
  MODIFY `id` bigint UNSIGNED NOT NULL AUTO_INCREMENT, AUTO_INCREMENT=16;

--
-- AUTO_INCREMENT for table `migrations`
--
ALTER TABLE `migrations`
  MODIFY `id` int UNSIGNED NOT NULL AUTO_INCREMENT, AUTO_INCREMENT=10;

--
-- AUTO_INCREMENT for table `pembayaran`
--
ALTER TABLE `pembayaran`
  MODIFY `id` bigint UNSIGNED NOT NULL AUTO_INCREMENT, AUTO_INCREMENT=764;

--
-- AUTO_INCREMENT for table `siswa`
--
ALTER TABLE `siswa`
  MODIFY `id` bigint UNSIGNED NOT NULL AUTO_INCREMENT, AUTO_INCREMENT=55;

--
-- AUTO_INCREMENT for table `spp`
--
ALTER TABLE `spp`
  MODIFY `id` bigint UNSIGNED NOT NULL AUTO_INCREMENT, AUTO_INCREMENT=4;

--
-- AUTO_INCREMENT for table `users`
--
ALTER TABLE `users`
  MODIFY `id` bigint UNSIGNED NOT NULL AUTO_INCREMENT, AUTO_INCREMENT=10;

--
-- Constraints for dumped tables
--

--
-- Constraints for table `pembayaran`
--
ALTER TABLE `pembayaran`
  ADD CONSTRAINT `pembayaran_id_petugas_foreign` FOREIGN KEY (`id_petugas`) REFERENCES `users` (`id`) ON DELETE CASCADE,
  ADD CONSTRAINT `pembayaran_id_siswa_foreign` FOREIGN KEY (`id_siswa`) REFERENCES `siswa` (`id`) ON DELETE CASCADE,
  ADD CONSTRAINT `pembayaran_id_spp_foreign` FOREIGN KEY (`id_spp`) REFERENCES `spp` (`id`) ON DELETE CASCADE;

--
-- Constraints for table `siswa`
--
ALTER TABLE `siswa`
  ADD CONSTRAINT `siswa_id_kelas_foreign` FOREIGN KEY (`id_kelas`) REFERENCES `kelas` (`id`) ON DELETE CASCADE,
  ADD CONSTRAINT `siswa_id_user_foreign` FOREIGN KEY (`id_user`) REFERENCES `users` (`id`) ON DELETE SET NULL;
COMMIT;

/*!40101 SET CHARACTER_SET_CLIENT=@OLD_CHARACTER_SET_CLIENT */;
/*!40101 SET CHARACTER_SET_RESULTS=@OLD_CHARACTER_SET_RESULTS */;
/*!40101 SET COLLATION_CONNECTION=@OLD_COLLATION_CONNECTION */;
